phase,window_s,mode,method,cluster_id,n_members,n_cheaters,cheater_rate,fisher_p,latency_median,is_high_risk,member_ids
T1_post,2,pooled,hdbscan,-1,39,19,0.48717948717948717,0.844576102576015,14.417000000000002,False,40;76;96;150;166;183;198;206;210;221;223;235;240;241;248;250;273;275;309;310;321;322;323;340;343;348;357;361;375;380;391;396;402;415;421;427;464;468;86
T1_post,2,pooled,hdbscan,0,51,26,0.5098039215686274,1.0,15.116500000000002,False,6;8;39;61;69;73;90;103;112;158;160;176;189;190;212;215;227;229;230;234;253;265;278;286;288;307;308;313;350;354;355;362;371;373;378;384;388;393;403;408;411;413;416;431;440;442;445;463;469;471;14
T1_post,2,pooled,hdbscan,1,18,10,0.5555555555555556,0.7979712043440569,9.349999999999994,False,30;91;214;224;232;237;251;256;284;320;328;329;370;377;381;398;401;405
T1_post,2,pooled,hdbscan,2,5,2,0.4,0.6789758825968941,10.966499999999996,False,93;165;259;325;432
T1_post,2,pooled,kmeans_k3,0,33,20,0.6060606060606061,0.21501590786060223,15.834000000000003,False,8;76;103;165;166;176;190;206;212;248;265;273;275;307;308;309;321;322;323;343;348;355;357;361;362;378;380;391;396;415;421;431;469
T1_post,2,pooled,kmeans_k3,1,40,15,0.375,0.050347374568376624,13.334000000000003,False,6;39;40;61;69;73;90;112;150;183;189;198;215;227;229;230;234;241;253;278;286;288;310;313;350;354;371;375;384;388;393;403;408;416;427;440;442;445;463;14
T1_post,2,pooled,kmeans_k3,2,40,22,0.55,0.556321255223261,10.966499999999996,False,30;91;93;96;158;160;210;214;221;223;224;232;235;237;240;250;251;256;259;284;320;325;328;329;340;370;373;377;381;398;401;402;405;411;413;432;464;468;471;86
T1_post,5,pooled,hdbscan,-1,13,6,0.46153846153846156,1.0,13.450500000000005,False,96;227;320;340;350;371;381;393;421;427;432;468;471
T1_post,5,pooled,hdbscan,0,9,3,0.3333333333333333,0.48651957847344046,10.349999999999994,False,6;8;40;183;215;230;253;310;14
T1_post,5,pooled,hdbscan,1,76,40,0.5263157894736842,0.4682438179507331,13.334000000000003,False,30;39;61;69;73;76;90;91;93;103;112;150;158;165;166;176;189;190;198;210;212;214;221;223;224;229;232;234;235;237;240;241;248;251;256;259;265;273;275;278;284;286;307;308;309;321;322;323;325;343;348;354;355;357;361;362;373;375;377;378;380;384;388;396;398;401;402;403;405;408;411;415;416;445;464;86
T1_post,5,pooled,kmeans_k4,0,24,11,0.4583333333333333,0.8146682901704361,13.550000000000011,False,39;76;103;112;150;176;190;198;212;223;232;235;240;251;265;273;322;343;361;377;378;396;411;468
T1_post,5,pooled,kmeans_k4,1,28,13,0.4642857142857143,0.8233534607987645,16.165999999999997,False,73;90;91;93;158;166;210;214;221;234;241;248;259;307;308;309;320;323;340;348;362;375;398;402;408;445;464;471
T1_post,5,pooled,kmeans_k4,2,22,10,0.45454545454545453,0.8091549898780238,11.332999999999984,False,6;8;40;69;165;183;215;227;229;230;253;310;325;355;371;381;384;403;415;416;421;14
T1_post,5,pooled,kmeans_k4,3,24,15,0.625,0.23989839966907012,10.7085,False,30;61;96;189;224;237;256;275;278;284;286;321;350;354;357;373;380;388;393;401;405;427;432;86
T1_post,10,pooled,hdbscan,-1,19,10,0.5263157894736842,1.0,12.102499999999992,False,61;165;166;221;229;256;259;265;323;343;355;357;361;378;381;396;408;471;86
T1_post,10,pooled,hdbscan,0,15,7,0.4666666666666667,0.775684032773929,11.216499999999996,False,8;40;183;212;215;230;251;253;286;310;371;377;380;403;432
T1_post,10,pooled,hdbscan,1,33,17,0.5151515151515151,1.0,18.0,False,39;69;76;103;112;150;158;176;189;190;198;210;214;223;224;232;234;235;237;273;275;307;308;309;325;340;354;373;384;405;411;444;464
T1_post,10,pooled,kmeans_k3,0,23,12,0.5217391304347826,1.0,18.633499999999998,False,61;76;112;176;189;190;198;210;214;221;232;234;237;259;275;307;308;309;325;354;373;384;411
T1_post,10,pooled,kmeans_k3,1,23,12,0.5217391304347826,1.0,12.102499999999992,False,39;69;103;150;158;166;223;224;235;256;273;323;340;355;361;378;396;405;408;444;464;471;86
T1_post,10,pooled,kmeans_k3,2,21,10,0.47619047619047616,0.7958697839003794,11.299999999999985,False,8;40;165;183;212;215;229;230;251;253;265;286;310;343;357;371;377;380;381;403;432
T1_pre,2,pooled,hdbscan,-1,59,33,0.559322033898305,0.34899532049177023,11.60799999999999,False,6;8;30;39;61;91;110;112;158;160;165;190;215;229;230;232;234;235;237;251;256;265;275;278;307;308;309;310;320;321;322;323;325;328;329;343;348;370;371;373;375;380;381;388;391;393;403;405;411;413;421;431;432;440;445;463;464;468;86
T1_pre,2,pooled,hdbscan,0,16,7,0.4375,0.5945537422278342,17.733000000000004,False,4;96;150;206;214;224;240;253;313;350;361;401;408;427;469;14
T1_pre,2,pooled,hdbscan,1,7,4,0.5714285714285714,1.0,15.177499999999995,False,73;210;286;355;362;378;396
T1_pre,2,pooled,hdbscan,2,7,2,0.2857142857142857,0.26311395854763087,10.566500000000012,False,103;176;250;288;377;384;402
T1_pre,2,pooled,hdbscan,3,24,12,0.5,1.0,10.60799999999999,False,40;69;76;90;166;183;189;198;212;221;223;227;248;259;273;284;334;340;354;398;415;416;442;471
T1_pre,2,pooled,kmeans_k4,0,32,14,0.4375,0.40390237217820096,10.824999999999989,False,8;40;61;69;76;90;91;166;183;198;212;221;227;229;248;273;284;310;320;322;325;328;334;340;354;388;398;415;416;440;442;471
T1_pre,2,pooled,kmeans_k4,1,26,16,0.6153846153846154,0.26923075109267336,10.116499999999988,False,30;103;158;160;165;176;189;223;232;234;237;250;256;259;275;278;288;321;370;371;377;381;384;402;403;421
T1_pre,2,pooled,kmeans_k4,2,28,15,0.5357142857142857,0.8300136876292259,17.733000000000004,False,4;96;110;112;150;206;214;215;240;251;253;307;308;309;313;323;329;350;361;373;375;401;408;413;431;432;14;86
T1_pre,2,pooled,kmeans_k4,3,27,13,0.48148148148148145,0.8259663944775408,13.80850000000001,False,6;39;73;190;210;224;230;235;265;286;343;348;355;362;378;380;391;393;396;405;411;427;445;463;464;468;469
T1_pre,5,pooled,hdbscan,-1,60,29,0.48333333333333334,0.5797630199919535,11.849999999999994,False,6;39;61;69;76;90;91;93;96;103;150;158;166;176;183;206;210;214;221;227;229;230;232;235;240;248;250;251;256;273;275;278;307;308;309;310;313;320;322;340;343;350;361;373;388;391;396;401;402;403;405;413;415;416;427;432;442;463;471;14
T1_pre,5,pooled,hdbscan,0,12,7,0.5833333333333334,0.7620573516017893,13.334000000000003,False,112;190;198;237;265;362;370;377;378;384;431;440
T1_pre,5,pooled,hdbscan,1,11,7,0.6363636363636364,0.5285161580389132,10.349999999999994,False,8;223;234;284;288;321;328;334;355;408;468
T1_pre,5,pooled,hdbscan,2,31,15,0.4838709677419355,0.834232841072154,12.207999999999998,False,4;30;40;73;110;160;165;189;212;215;224;253;259;286;323;325;329;348;354;371;375;380;381;393;398;411;421;445;464;469;86
T1_pre,5,pooled,kmeans_k3,0,33,17,0.5151515151515151,1.0,9.825000000000003,False,4;8;39;40;61;76;91;150;158;166;210;223;234;240;248;284;288;320;321;328;334;355;361;380;381;388;391;401;402;408;442;463;468
T1_pre,5,pooled,kmeans_k3,1,34,19,0.5588235294117647,0.5424611174890377,11.849999999999994,False,69;90;96;112;190;198;221;227;229;230;232;235;237;251;256;265;273;278;322;343;354;362;370;377;378;384;396;403;413;415;416;427;431;440
T1_pre,5,pooled,kmeans_k3,2,47,22,0.46808510638297873,0.5685164781095324,14.783500000000004,False,6;30;73;93;103;110;160;165;176;183;189;206;212;214;215;224;250;253;259;275;286;307;308;309;310;313;323;325;329;340;348;350;371;373;375;393;398;405;411;421;432;445;464;469;471;14;86
T1_pre,10,pooled,hdbscan,-1,25,14,0.56,0.8151895828117901,9.858499999999992,False,30;40;61;90;103;160;206;259;273;275;310;323;325;328;340;343;355;370;381;393;411;415;432;445;463
T1_pre,10,pooled,hdbscan,0,11,6,0.5454545454545454,1.0,21.033999999999992,False,76;176;189;212;237;278;334;354;373;421;431
T1_pre,10,pooled,hdbscan,1,48,23,0.4791666666666667,0.4018004044504762,12.844499999999996,False,8;39;69;73;93;158;166;190;198;214;221;223;224;227;229;234;240;248;250;251;253;256;265;284;286;288;307;320;321;322;361;375;378;380;384;388;391;403;408;416;427;440;442;464;469;471;14;86
T1_pre,10,pooled,hdbscan,2,7,5,0.7142857142857143,0.43960753181985246,11.550000000000011,False,110;112;230;313;329;362;468
T1_pre,10,pooled,kmeans_k4,0,26,15,0.5769230769230769,0.6443799548045052,12.700000000000003,False,30;69;103;166;214;224;234;240;250;251;253;256;273;321;322;323;380;393;411;440;442;445;464;469;14;86
T1_pre,10,pooled,kmeans_k4,1,23,14,0.6086956521739131,0.4701966096042516,10.950000000000003,False,8;93;110;112;158;160;198;230;310;313;320;325;329;340;343;361;362;381;384;415;463;468;471
T1_pre,10,pooled,kmeans_k4,2,25,11,0.44,0.3518801341663471,11.299999999999985,False,39;61;73;190;221;223;227;229;248;259;265;284;286;288;307;328;355;375;378;388;391;403;408;416;427
T1_pre,10,pooled,kmeans_k4,3,17,8,0.47058823529411764,0.7883608683445622,15.667000000000002,False,40;76;90;176;189;206;212;237;275;278;334;354;370;373;421;431;432
T2_post,2,pooled,hdbscan,-1,25,13,0.52,1.0,9.049999999999985,False,6;30;40;73;76;103;150;183;189;190;223;248;278;321;329;343;354;357;371;402;416;427;442;463;471
T2_post,2,pooled,hdbscan,0,13,11,0.8461538461538461,0.016794814424839835,13.650000000000006,True,198;206;212;251;275;284;308;309;310;361;373;388;413
T2_post,2,pooled,hdbscan,1,11,8,0.7272727272727273,0.20779045042649286,12.700000000000003,False,224;229;253;256;322;355;401;403;411;440;86
T2_post,2,pooled,hdbscan,2,60,25,0.4166666666666667,0.020421174738859807,11.9525,False,4;39;61;69;90;91;93;96;110;112;158;160;165;166;176;210;221;227;230;232;234;235;237;241;259;265;286;307;313;320;323;325;328;334;340;348;350;362;370;375;377;378;380;381;384;393;396;398;405;408;415;421;431;432;444;445;464;468;469;14
T2_post,2,pooled,kmeans_k4,0,24,11,0.4583333333333333,0.49691275415050373,9.627499999999998,False,4;30;61;103;150;166;223;237;241;307;320;340;350;357;370;371;375;378;380;381;405;421;444;471
T2_post,2,pooled,kmeans_k4,1,37,15,0.40540540540540543,0.10527997950268704,10.865999999999984,False,39;69;76;90;91;96;110;112;158;165;176;190;210;221;227;230;232;259;286;313;323;325;334;354;362;377;384;396;398;415;427;431;432;442;463;464;468
T2_post,2,pooled,kmeans_k4,2,21,14,0.6666666666666666,0.15478237227676436,14.783500000000004,False,6;93;183;198;206;212;235;251;275;278;284;308;309;310;343;361;373;388;402;413;445
T2_post,2,pooled,kmeans_k4,3,27,17,0.6296296296296297,0.2673560497891015,13.550000000000011,False,40;73;160;189;224;229;234;248;253;256;265;321;322;328;329;348;355;393;401;403;408;411;416;440;469;14;86
T2_post,5,pooled,hdbscan,-1,89,49,0.550561797752809,1.0,12.844499999999996,False,4;30;39;40;61;69;73;76;91;93;96;110;112;150;158;166;183;189;190;198;206;210;212;221;223;224;229;230;232;234;235;237;248;251;253;256;259;265;275;278;284;286;307;308;309;310;320;321;322;323;325;329;340;343;348;350;354;355;361;362;375;377;378;380;381;384;388;396;398;402;403;405;408;411;413;415;421;427;431;432;442;444;445;463;464;468;469;471;86
T2_post,5,pooled,kmeans_k3,0,33,17,0.5151515151515151,0.6625614780700264,11.067000000000007,False,61;76;93;96;183;223;229;230;232;235;251;253;256;284;286;310;320;323;340;343;354;377;388;396;402;403;413;415;432;444;463;468;471
T2_post,5,pooled,kmeans_k3,1,29,17,0.5862068965517241,0.6574840240846057,16.783500000000004,False,4;30;110;112;150;166;189;206;212;248;259;265;278;308;309;321;322;329;350;361;375;378;380;384;398;405;408;421;445
T2_post,5,pooled,kmeans_k3,2,27,15,0.5555555555555556,1.0,13.334000000000003,False,39;40;69;73;91;158;190;198;210;221;224;234;237;275;307;325;348;355;362;381;411;427;431;442;464;469;86
T2_post,10,pooled,hdbscan,-1,33,21,0.6363636363636364,1.0,12.844499999999996,False,4;30;39;69;73;76;158;198;221;223;224;234;235;248;253;256;259;265;278;308;309;323;340;350;378;380;384;415;427;431;432;444;471
T2_post,10,pooled,kmeans_k2,0,20,11,0.55,0.2775184988151086,16.427499999999995,False,4;30;39;69;73;76;223;234;235;248;265;278;340;350;378;380;415;427;431;444
T2_post,10,pooled,kmeans_k2,1,13,10,0.7692307692307693,0.2775184988151086,12.591999999999999,False,158;198;221;224;253;256;259;308;309;323;384;432;471
T2_pre,2,pooled,hdbscan,-1,18,9,0.5,1.0,11.550000000000011,False,6;40;73;103;223;230;275;278;362;373;375;391;393;411;416;427;431;444
T2_pre,2,pooled,hdbscan,0,8,6,0.75,0.2715620181215629,9.6085,False,183;310;334;378;381;403;442;86
T2_pre,2,pooled,hdbscan,1,90,43,0.4777777777777778,0.5047011938523043,13.983500000000006,False,4;8;30;39;61;69;76;90;91;93;96;110;112;150;158;160;165;166;176;189;190;198;206;210;212;214;215;221;224;227;229;232;234;235;237;240;241;248;250;251;253;256;259;265;273;284;286;288;307;308;309;313;320;321;322;323;325;328;329;340;343;348;350;354;355;361;370;371;377;380;384;388;396;398;401;402;405;408;413;415;421;432;440;445;463;464;468;469;471;14
T2_pre,2,pooled,kmeans_k2,0,64,36,0.5625,0.19103787670571426,11.183499999999995,False,39;69;73;76;110;112;150;160;165;166;176;183;212;223;229;232;234;235;237;240;241;248;250;251;256;259;265;273;275;284;286;310;313;321;323;325;334;343;348;350;355;362;375;377;378;381;388;398;401;402;403;405;408;411;415;427;432;442;444;463;464;469;471;86
T2_pre,2,pooled,kmeans_k2,1,52,22,0.4230769230769231,0.19103787670571426,17.567000000000007,False,4;6;8;30;40;61;90;91;93;96;103;158;189;190;198;206;210;214;215;221;224;227;230;253;278;288;307;308;309;320;322;328;329;340;354;361;370;371;373;380;384;391;393;396;413;416;421;431;440;445;468;14
T2_pre,5,pooled,hdbscan,-1,32,17,0.53125,0.6788455129886488,10.865999999999984,False,6;8;30;40;93;103;110;158;166;176;198;214;215;250;259;275;310;313;323;348;355;361;377;378;393;398;401;405;411;413;416;444
T2_pre,5,pooled,hdbscan,0,10,4,0.4,0.7421812646159163,17.208,False,91;224;229;307;320;402;463;464;471;14
T2_pre,5,pooled,hdbscan,1,8,4,0.5,1.0,5.933499999999995,False,223;227;237;286;325;396;427;445
T2_pre,5,pooled,hdbscan,2,31,16,0.5161290322580645,0.834556779418395,13.650000000000006,False,39;76;150;160;165;189;190;206;210;212;232;234;248;251;253;256;265;278;284;328;329;343;354;373;375;380;388;403;408;432;468
T2_pre,5,pooled,hdbscan,3,11,5,0.45454545454545453,1.0,19.267,False,4;61;69;90;112;221;273;288;321;350;431
T2_pre,5,pooled,hdbscan,4,5,3,0.6,0.6788179759970894,11.550000000000011,False,73;235;334;340;362
T2_pre,5,pooled,hdbscan,5,5,3,0.6,0.6788179759970894,4.937999999999988,False,230;370;384;442;469
T2_pre,5,pooled,hdbscan,6,9,3,0.3333333333333333,0.48932058183537225,15.834000000000003,False,96;183;240;322;381;391;421;440;86
T2_pre,5,pooled,kmeans_k3,0,37,17,0.4594594594594595,0.6881365791442877,12.35499999999999,False,73;93;96;110;158;183;198;215;223;227;230;237;240;250;253;259;275;286;322;325;361;370;378;381;384;391;393;396;411;421;427;440;442;444;445;469;86
T2_pre,5,pooled,kmeans_k3,1,45,20,0.4444444444444444,0.44092401355254746,13.650000000000006,False,6;39;40;76;91;150;160;165;176;190;206;210;212;214;224;229;232;234;248;251;256;265;278;284;307;320;328;329;343;354;373;375;380;388;398;402;403;408;413;432;463;464;468;471;14
T2_pre,5,pooled,kmeans_k3,2,29,18,0.6206896551724138,0.13455540697899707,10.950000000000003,False,4;8;30;61;69;90;103;112;166;189;221;235;273;288;310;313;321;323;334;340;348;350;355;362;377;401;405;416;431
T2_pre,10,pooled,hdbscan,-1,55,22,0.4,0.018378871689504393,15.55850000000001,False,61;69;73;76;90;110;112;150;160;165;189;212;214;215;221;224;240;248;250;256;259;275;278;284;286;288;307;310;313;320;322;329;355;361;362;370;373;375;377;378;384;388;393;396;408;411;416;440;442;444;463;464;468;469;86
T2_pre,10,pooled,hdbscan,0,5,4,0.8,0.1785644910644911,13.765999999999991,False,328;403;427;431;471
T2_pre,10,pooled,hdbscan,1,6,5,0.8333333333333334,0.09142019183002788,12.567000000000007,True,39;223;380;402;432;445
T2_pre,10,pooled,kmeans_k2,0,31,12,0.3870967741935484,0.22723718261648684,11.067000000000007,False,39;61;69;150;160;165;214;215;223;240;278;284;288;307;320;322;329;375;377;380;384;388;396;402;411;416;432;440;445;464;86
T2_pre,10,pooled,kmeans_k2,1,35,19,0.5428571428571428,0.2272371826164869,17.733000000000004,False,73;76;90;110;112;189;212;221;224;248;250;256;259;275;286;310;313;328;355;361;362;370;373;378;393;403;408;427;431;442;444;463;468;469;471
T3_post,2,pooled,hdbscan,-1,9,3,0.3333333333333333,0.3162394727663369,29.967,False,39;190;214;234;251;265;275;309;325
T3_post,2,pooled,hdbscan,0,23,15,0.6521739130434783,0.16059465080789925,12.35499999999999,False,6;206;212;223;224;237;253;259;284;307;343;350;354;361;378;388;403;411;431;442;463;468;469
T3_post,2,pooled,hdbscan,1,78,38,0.48717948717948717,0.5322639115950174,11.849999999999994,False,4;8;30;40;61;69;73;76;90;91;93;96;103;110;112;150;158;160;165;166;176;183;189;198;210;215;221;227;229;230;232;235;241;248;250;256;286;288;308;310;313;320;321;322;323;328;329;340;348;355;357;362;370;375;377;380;381;384;391;393;396;398;401;402;405;408;413;415;416;421;427;432;440;445;464;471;14;86
T3_post,2,pooled,kmeans_k4,0,24,14,0.5833333333333334,0.49134297575581687,11.860499999999988,False,6;103;212;223;224;237;253;259;284;286;307;343;350;354;361;378;388;393;403;411;431;463;468;469
T3_post,2,pooled,kmeans_k4,1,29,14,0.4827586206896552,0.8297689726057691,11.849999999999994,False,8;30;40;93;150;183;198;210;221;241;251;256;265;275;310;313;321;325;329;355;357;380;384;396;408;415;432;464;86
T3_post,2,pooled,kmeans_k4,2,35,17,0.4857142857142857,0.8383980455565855,16.165999999999997,False,4;39;61;73;76;90;91;96;112;160;165;166;189;227;229;234;248;250;308;309;320;323;328;340;348;362;375;381;391;401;402;416;445;471;14
T3_post,2,pooled,kmeans_k4,3,22,11,0.5,1.0,13.900000000000006,False,69;110;158;176;190;206;214;215;230;232;235;288;322;370;377;398;405;413;421;427;440;442
T3_post,5,pooled,hdbscan,-1,35,19,0.5428571428571428,1.0,12.591999999999999,False,6;93;198;227;230;237;241;250;251;256;265;286;310;320;321;322;340;343;355;357;361;362;380;388;393;396;401;413;431;440;464;468;469;471;86
T3_post,5,pooled,hdbscan,0,49,24,0.4897959183673469,0.4090788285208298,13.983500000000006,False,30;39;40;61;69;76;90;96;103;110;112;150;158;166;183;189;206;210;212;221;229;232;234;248;253;259;275;288;307;308;309;313;323;325;328;329;350;354;381;384;398;403;405;408;415;421;427;445;463
T3_post,5,pooled,hdbscan,1,8,6,0.75,0.27573339495560806,12.9525,False,190;223;224;235;284;377;378;411
T3_post,5,pooled,kmeans_k5,0,15,11,0.7333333333333333,0.09998037741717669,12.35499999999999,True,93;190;206;223;224;235;237;284;377;378;401;405;411;427;431
T3_post,5,pooled,kmeans_k5,1,24,12,0.5,0.813143945766464,15.834000000000003,False,6;30;39;90;112;183;221;232;248;250;253;288;308;309;322;350;354;380;393;403;413;421;445;463
T3_post,5,pooled,kmeans_k5,2,16,11,0.6875,0.2700871281410918,9.049999999999985,False,40;76;103;229;241;251;275;321;325;329;355;361;381;388;415;471
T3_post,5,pooled,kmeans_k5,3,17,5,0.29411764705882354,0.034436871839006386,11.849999999999994,False,110;150;198;256;259;265;313;320;340;343;362;384;396;398;408;464;86
T3_post,5,pooled,kmeans_k5,4,20,10,0.5,0.8032099199866647,18.766999999999996,False,61;69;96;158;166;189;210;212;227;230;234;286;307;310;323;328;357;440;468;469
T3_pre,2,pooled,hdbscan,-1,40,18,0.45,0.4374259904258315,11.183499999999995,False,6;39;61;73;103;158;165;212;215;221;223;227;229;234;235;259;278;288;309;322;323;325;329;343;354;381;384;388;393;396;398;403;416;421;431;432;444;445;463;464
T3_pre,2,pooled,hdbscan,0,15,9,0.6,0.5812748388710329,18.333000000000013,False,8;96;110;190;240;275;308;310;313;334;378;402;440;442;14
T3_pre,2,pooled,hdbscan,1,60,31,0.5166666666666667,0.8527052739392331,13.600000000000009,False,4;30;40;69;76;90;91;93;112;150;160;166;176;183;189;198;206;210;214;224;230;232;237;241;248;250;251;253;256;265;273;286;307;320;321;328;340;348;350;355;357;361;362;370;373;375;377;380;391;401;405;408;411;413;415;427;468;469;471;86
T3_pre,2,pooled,kmeans_k3,0,39,17,0.4358974358974359,0.3287717043189368,11.550000000000011,False,4;90;91;150;183;198;206;221;224;232;235;237;241;250;253;256;265;286;307;320;322;323;328;329;348;354;362;375;381;384;388;391;401;408;421;427;463;468;469
T3_pre,2,pooled,kmeans_k3,1,33,16,0.48484848484848486,0.8385858060627036,11.860499999999988,False,6;8;39;61;73;96;103;110;160;165;190;212;223;240;275;278;288;308;309;310;313;334;343;378;393;396;402;403;416;432;440;442;14
T3_pre,2,pooled,kmeans_k3,2,43,25,0.5813953488372093,0.24862374051302066,15.116500000000002,False,30;40;69;76;93;112;158;166;176;189;210;214;215;227;229;230;234;248;251;259;273;321;325;340;350;355;357;361;370;373;377;380;398;405;411;413;415;431;444;445;464;471;86
T3_pre,5,pooled,hdbscan,-1,41,20,0.4878048780487805,1.0,12.600000000000009,False,40;93;96;103;112;176;183;206;210;212;230;232;234;240;248;251;265;273;275;278;310;322;323;334;343;361;362;370;375;377;381;393;398;403;405;427;431;444;464;471;14
T3_pre,5,pooled,hdbscan,0,44,24,0.5454545454545454,0.5618786394838353,13.550000000000011,False,6;8;30;61;69;73;90;158;160;189;190;214;221;224;227;229;235;241;250;256;259;284;286;288;307;313;320;325;329;348;357;378;380;384;396;402;408;411;416;421;440;442;445;469
T3_pre,5,pooled,hdbscan,1,10,6,0.6,0.7421812646159163,10.058499999999995,False,166;198;237;253;321;373;401;432;468;86
T3_pre,5,pooled,hdbscan,2,9,2,0.2222222222222222,0.1617149173524034,4.591499999999996,False,4;76;91;150;165;215;223;340;388
T3_pre,5,pooled,hdbscan,3,8,4,0.5,1.0,26.546999999999997,False,39;110;328;350;354;355;415;463
T3_pre,5,pooled,kmeans_k2,0,55,24,0.43636363636363634,0.256684684406106,11.216499999999996,False,4;6;30;39;40;61;73;76;90;91;93;96;103;110;150;165;166;198;210;212;215;223;230;234;237;248;250;251;253;278;310;321;328;340;350;354;355;362;370;373;375;377;378;381;388;401;403;405;415;432;444;463;464;468;86
T3_pre,5,pooled,kmeans_k2,1,57,32,0.5614035087719298,0.256684684406106,14.067000000000007,False,8;69;112;158;160;176;183;189;190;206;214;221;224;227;229;232;235;240;241;256;259;265;273;275;284;286;288;307;313;320;322;323;325;329;334;343;348;357;361;380;384;393;396;398;402;408;411;416;421;427;431;440;442;445;469;471;14
T3_pre,10,pooled,hdbscan,-1,55,28,0.509090909090909,0.7870266149596514,16.700500000000005,False,4;39;61;90;110;112;158;165;189;206;212;214;215;221;223;224;227;230;235;248;251;259;273;278;286;307;313;320;322;323;329;340;343;355;361;362;370;373;375;384;393;402;405;408;411;416;421;431;432;440;444;445;463;468;469
T3_pre,10,pooled,hdbscan,0,5,3,0.6,0.6741017876167068,5.299999999999997,False,210;275;288;415;427
T3_pre,10,pooled,hdbscan,1,13,5,0.38461538461538464,0.5426029012384245,10.349999999999994,False,6;183;240;241;250;284;310;328;354;357;442;464;471
T3_pre,10,pooled,kmeans_k4,0,23,11,0.4782608695652174,1.0,18.0,False,6;110;112;189;210;214;215;227;241;250;259;320;328;329;354;355;357;361;362;370;393;463;471
T3_pre,10,pooled,kmeans_k4,1,16,8,0.5,1.0,14.783500000000004,False,4;39;90;206;273;278;286;313;323;408;421;431;432;440;445;468
T3_pre,10,pooled,kmeans_k4,2,11,4,0.36363636363636365,0.5151150948224645,11.875,False,212;223;230;248;307;340;343;375;384;405;469
T3_pre,10,pooled,kmeans_k4,3,23,13,0.5652173913043478,0.4567187951729559,13.550000000000011,False,61;158;165;183;221;224;235;240;251;275;284;288;310;322;373;402;411;415;416;427;442;444;464
T4_post,2,pooled,hdbscan,-1,27,14,0.5185185185185185,1.0,16.616500000000002,False,103;176;183;189;206;221;234;235;237;241;250;265;275;286;288;307;308;309;310;321;325;361;381;384;401;408;469
T4_post,2,pooled,hdbscan,0,28,13,0.4642857142857143,0.6666625897703156,11.299999999999985,False,30;40;69;76;93;96;112;160;165;166;198;214;229;232;251;284;348;357;375;377;388;391;398;405;431;442;444;463
T4_post,2,pooled,hdbscan,1,61,32,0.5245901639344263,0.852582391798471,12.35499999999999,False,4;6;8;39;61;73;90;91;110;150;158;190;210;212;215;223;224;227;230;240;248;253;256;259;273;278;313;320;322;323;328;329;334;340;343;350;354;355;362;370;373;378;380;393;396;402;403;411;413;415;416;421;427;432;440;445;464;468;471;14;86
T4_post,2,pooled,kmeans_k3,0,39,17,0.4358974358974359,0.32670987729598755,11.299999999999985,False,30;40;69;76;93;96;103;112;160;165;166;198;206;212;214;229;232;250;251;284;288;321;325;348;354;357;375;377;388;391;393;398;405;408;431;442;444;463;469
T4_post,2,pooled,kmeans_k3,1,38,21,0.5526315789473685,0.556464322048054,16.866500000000002,False,4;6;39;91;150;158;183;190;210;223;227;234;235;241;253;259;275;278;307;308;309;322;334;343;355;361;373;378;380;401;403;415;416;432;440;468;471;86
T4_post,2,pooled,kmeans_k3,2,39,21,0.5384615384615384,0.697043435641949,11.849999999999994,False,8;61;73;90;110;176;189;215;221;224;230;237;240;248;256;265;273;286;310;313;320;323;328;329;340;350;362;370;381;384;396;402;411;413;421;427;445;464;14
T4_post,5,pooled,hdbscan,-1,53,30,0.5660377358490566,0.27019350363496714,15.834000000000003,False,6;8;39;40;61;91;93;110;198;212;227;229;232;234;240;241;250;251;288;307;308;309;320;321;322;323;325;334;340;343;350;354;355;357;361;370;375;377;378;380;381;402;411;413;416;421;427;440;442;445;469;471;14
T4_post,5,pooled,hdbscan,0,7,3,0.42857142857142855,0.714396389463723,3.25,False,150;215;223;230;329;468;86
T4_post,5,pooled,hdbscan,1,19,8,0.42105263157894735,0.4584639529861878,10.349999999999994,False,30;69;76;96;165;183;190;206;259;273;284;310;362;388;391;393;405;444;463
T4_post,5,pooled,hdbscan,2,37,18,0.4864864864864865,0.8426458344228401,11.60799999999999,False,4;73;90;103;112;158;160;166;176;189;210;214;221;224;235;237;248;253;256;265;275;278;286;313;328;348;373;384;396;398;401;403;408;415;431;432;464
T4_post,5,pooled,kmeans_k4,0,30,18,0.6,0.29188724336218735,13.127499999999998,False,8;93;112;160;166;176;189;212;224;232;235;240;250;253;275;278;286;348;350;378;381;396;401;402;403;413;415;432;469;14
T4_post,5,pooled,kmeans_k4,1,26,12,0.46153846153846156,0.6589230401188757,16.165999999999997,False,40;73;110;150;198;215;223;227;229;234;241;320;322;329;340;355;377;380;408;416;427;440;464;468;471;86
T4_post,5,pooled,kmeans_k4,2,28,13,0.4642857142857143,0.6666625897703156,13.550000000000011,False,4;39;90;91;103;158;214;221;230;237;248;256;265;288;307;308;309;313;323;328;361;370;375;384;398;411;421;445
T4_post,5,pooled,kmeans_k4,3,32,16,0.5,1.0,10.60799999999999,False,6;30;61;69;76;96;165;183;190;206;210;251;259;273;284;310;321;325;334;343;354;357;362;373;388;391;393;405;431;442;444;463
T4_post,10,pooled,hdbscan,-1,41,22,0.5365853658536586,0.7006128301731012,12.591999999999999,False,6;8;30;39;40;61;96;103;160;166;183;190;198;223;229;256;273;275;284;308;309;310;325;328;340;343;357;361;375;391;411;413;416;421;431;440;442;444;463;468;86
T4_post,10,pooled,hdbscan,0,13,7,0.5384615384615384,1.0,13.650000000000006,False,221;224;227;235;237;251;265;307;322;334;377;403;445
T4_post,10,pooled,hdbscan,1,15,9,0.6,0.5822466810885074,11.550000000000011,False,76;93;112;189;206;259;278;313;320;321;362;381;402;427;14
T4_post,10,pooled,hdbscan,2,5,2,0.4,0.6765101962293191,22.359999999999985,False,69;110;165;241;380
T4_post,10,pooled,hdbscan,3,42,19,0.4523809523809524,0.4404256363580705,12.35499999999999,False,4;73;90;91;150;158;176;210;212;214;215;230;232;234;240;248;250;253;286;288;323;329;348;350;354;355;370;373;378;384;388;393;396;398;401;405;408;415;432;464;469;471
T4_post,10,pooled,kmeans_k3,0,38,20,0.5263157894736842,0.8446376593035636,17.567000000000007,False,6;30;40;69;110;183;198;212;221;224;227;235;237;241;251;265;307;308;309;322;325;328;329;334;355;361;377;380;393;403;408;413;416;431;440;445;463;468
T4_post,10,pooled,kmeans_k3,1,39,16,0.41025641025641024,0.1693193442805204,14.692000000000007,False,4;8;39;61;90;91;150;176;210;215;223;230;234;240;248;250;253;286;288;340;348;350;354;370;373;375;378;391;396;398;401;405;411;415;421;432;464;469;86
T4_post,10,pooled,kmeans_k3,2,39,23,0.5897435897435898,0.24219667279740986,10.349999999999994,False,73;76;93;96;103;112;158;160;165;166;189;190;206;214;229;232;256;259;273;275;278;284;310;313;320;321;323;343;357;362;381;384;388;402;427;442;444;471;14
T4_pre,2,pooled,hdbscan,-1,67,32,0.47761194029850745,0.44996417767155383,12.35499999999999,False,6;8;40;61;90;91;93;96;103;150;160;166;176;189;206;210;212;215;221;224;227;230;232;237;240;241;248;250;256;259;265;278;286;308;309;320;323;325;328;329;334;340;343;348;350;354;357;370;373;375;378;380;384;388;396;401;413;416;427;432;440;463;464;468;469;14;86
T4_pre,2,pooled,hdbscan,0,6,4,0.6666666666666666,0.6797312895812319,25.9135,False,4;39;110;235;362;431
T4_pre,2,pooled,hdbscan,1,13,5,0.38461538461538464,0.38604461898886167,8.332999999999998,False,73;158;183;190;234;273;275;322;377;381;391;415;444
T4_pre,2,pooled,hdbscan,2,18,15,0.8333333333333334,0.003993359784061103,13.550000000000011,True,30;76;229;251;284;310;313;321;355;361;402;403;408;411;421;442;445;471
T4_pre,2,pooled,hdbscan,3,6,3,0.5,1.0,13.334000000000003,False,69;112;198;223;307;398
T4_pre,2,pooled,hdbscan,4,5,0,0.0,0.024888662178307996,,False,165;253;288;393;405
T4_pre,2,pooled,kmeans_k3,0,41,25,0.6097560975609756,0.1724951811433759,10.865999999999984,False,30;76;90;91;103;150;160;183;190;210;229;237;251;256;259;273;275;286;308;309;313;320;322;323;328;329;334;348;355;357;370;381;391;403;408;411;415;442;445;464;469
T4_pre,2,pooled,kmeans_k3,1,41,17,0.4146341463414634,0.12477995390765226,12.844499999999996,False,4;39;40;61;69;93;110;112;165;166;198;223;227;230;232;235;241;250;253;265;278;288;307;340;362;375;378;380;388;393;396;398;401;405;416;427;431;432;440;468;86
T4_pre,2,pooled,kmeans_k3,2,33,17,0.5151515151515151,1.0,17.733000000000004,False,6;8;73;96;158;176;189;206;212;215;221;224;234;240;248;284;310;321;325;343;350;354;361;373;377;384;402;413;421;444;463;471;14
T4_pre,5,pooled,hdbscan,-1,71,37,0.5211267605633803,0.849125498127219,13.550000000000011,False,4;8;30;61;69;76;90;91;93;96;110;150;165;176;183;189;190;206;210;212;215;221;223;224;235;237;240;253;256;273;275;284;286;288;307;308;310;322;323;325;328;329;334;348;354;355;357;361;370;373;375;377;381;388;391;393;401;402;403;411;413;415;416;440;442;444;445;469;471;14;86
T4_pre,5,pooled,hdbscan,0,23,8,0.34782608695652173,0.10512269043392372,19.267,False,40;73;112;166;198;214;227;234;241;248;313;320;340;343;350;378;380;384;398;408;427;463;464
T4_pre,5,pooled,hdbscan,1,22,14,0.6363636363636364,0.2378299194900068,11.183499999999995,False,6;39;103;158;160;229;230;232;250;251;259;265;278;309;321;362;396;405;421;431;432;468
T4_pre,5,pooled,kmeans_k3,0,36,19,0.5277777777777778,0.8423346528165574,11.849999999999994,False,8;30;61;76;90;91;93;110;165;190;206;210;221;223;235;237;240;256;275;284;286;322;328;334;348;354;355;357;370;373;377;388;427;442;444;445
T4_pre,5,pooled,kmeans_k3,1,51,24,0.47058823529411764,0.5749247795798185,15.834000000000003,False,4;39;40;69;73;103;112;150;166;176;198;214;215;227;232;234;241;248;288;310;313;320;323;325;340;343;350;361;362;378;380;384;396;398;401;402;405;408;411;415;416;421;431;432;440;463;464;469;471;14;86
T4_pre,5,pooled,kmeans_k3,2,29,16,0.5517241379310345,0.670280205075134,10.616499999999988,False,6;96;158;160;183;189;212;224;229;230;250;251;253;259;265;273;278;307;308;309;321;329;375;381;391;393;403;413;468
T4_pre,10,pooled,hdbscan,-1,22,11,0.5,0.6311790050309567,15.834000000000003,False,6;61;165;176;183;189;214;221;235;253;334;355;393;401;413;421;432;440;445;468;471;86
T4_pre,10,pooled,hdbscan,0,13,4,0.3076923076923077,0.36725209984977447,6.443499999999986,False,30;69;76;160;223;240;250;275;284;325;328;377;444
T4_pre,10,pooled,hdbscan,1,12,7,0.5833333333333334,0.3668209845672574,17.567000000000007,False,96;112;224;286;321;322;375;378;391;402;403;416
T4_pre,10,pooled,hdbscan,2,41,18,0.43902439024390244,0.8323039219083996,11.849999999999994,False,4;8;40;73;90;91;206;210;212;215;237;248;256;259;265;278;288;307;310;313;320;323;329;340;343;350;354;357;362;370;380;384;405;408;427;431;442;463;464;469;14
T4_pre,10,pooled,kmeans_k5,0,15,7,0.4666666666666667,1.0,17.567000000000007,False,96;112;176;183;224;286;321;322;375;378;391;402;403;416;86
T4_pre,10,pooled,kmeans_k5,1,16,8,0.5,0.7840258746699693,11.099999999999994,False,6;90;165;215;235;237;256;284;313;323;354;355;393;408;442;471
T4_pre,10,pooled,kmeans_k5,2,17,6,0.35294117647058826,0.4224941877893873,9.86699999999999,False,30;69;76;160;189;221;223;240;250;253;275;325;328;377;413;444;445
T4_pre,10,pooled,kmeans_k5,3,18,8,0.4444444444444444,1.0,10.349999999999994,False,61;73;212;214;259;307;310;334;340;343;357;362;370;380;384;401;427;468
T4_pre,10,pooled,kmeans_k5,4,22,11,0.5,0.6311790050309567,20.5,False,4;8;40;91;206;210;248;265;278;288;320;329;350;405;421;431;432;440;463;464;469;14
T5_Epost,2,pooled,hdbscan,-1,33,14,0.42424242424242425,0.41076384314393194,12.632999999999996,False,6;40;61;103;110;165;206;212;214;232;234;235;259;265;288;320;321;322;340;355;371;377;396;401;403;415;432;444;445;464;468;14;86
T5_Epost,2,pooled,hdbscan,0,21,11,0.5238095238095238,0.8112067565286722,15.834000000000003,False,4;69;166;176;183;198;215;224;227;229;237;275;329;343;357;361;402;405;413;421;431
T5_Epost,2,pooled,hdbscan,1,7,5,0.7142857142857143,0.2668574215989118,29.217000000000006,False,96;308;309;375;380;381;440
T5_Epost,2,pooled,hdbscan,2,51,25,0.49019607843137253,1.0,11.550000000000011,False,8;30;39;73;76;90;91;93;112;150;158;189;190;210;221;223;230;240;241;248;250;253;256;278;284;286;307;310;313;323;325;328;334;348;350;354;362;370;378;384;388;391;393;398;408;411;416;427;442;469;471
T5_Epost,2,pooled,kmeans_k3,0,38,22,0.5789473684210527,0.23181504642786072,11.457999999999998,False,8;39;76;91;93;103;158;189;190;206;210;223;230;232;240;250;256;278;286;307;310;313;325;334;348;350;354;362;371;378;396;398;401;403;416;427;442;469
T5_Epost,2,pooled,kmeans_k3,1,39,17,0.4358974358974359,0.43212853341979446,15.116500000000002,False,30;40;61;73;90;96;110;112;150;214;221;234;241;248;253;284;288;308;309;328;370;375;380;381;384;388;391;393;408;411;415;432;440;445;464;468;471;14;86
T5_Epost,2,pooled,kmeans_k3,2,35,16,0.45714285714285713,0.6862137725798902,14.584000000000003,False,4;6;69;165;166;176;183;198;212;215;224;227;229;235;237;259;265;275;320;321;322;323;329;340;343;355;357;361;377;402;405;413;421;431;444
T5_Epost,5,pooled,hdbscan,-1,52,26,0.5,1.0,12.102499999999992,False,4;39;40;93;96;112;165;183;198;212;221;223;224;227;235;241;248;250;253;256;278;284;286;288;308;310;313;320;321;328;329;340;348;355;362;377;378;388;393;401;402;413;415;432;440;444;445;464;469;471;14;86
T5_Epost,5,pooled,hdbscan,0,15,6,0.4,0.5785638650370735,22.359999999999985,False,8;69;110;166;176;234;265;322;361;375;380;381;384;408;468
T5_Epost,5,pooled,hdbscan,1,38,20,0.5263157894736842,0.6873545370418053,11.332999999999984,False,30;61;73;76;90;150;158;189;190;206;210;215;229;230;232;237;240;259;275;307;323;325;334;343;350;354;357;370;371;396;398;403;405;411;416;427;431;442
T5_Epost,5,pooled,kmeans_k3,0,34,16,0.47058823529411764,0.8353693278594101,26.23399999999998,False,8;69;73;93;96;110;165;166;176;189;227;234;235;265;288;308;313;321;322;334;355;361;362;375;380;381;384;408;432;440;464;468;469;86
T5_Epost,5,pooled,kmeans_k3,1,30,15,0.5,1.0,10.349999999999994,False,4;61;90;112;150;158;212;221;224;230;241;248;284;310;320;323;328;348;350;370;393;398;401;402;405;413;415;444;471;14
T5_Epost,5,pooled,kmeans_k3,2,41,21,0.5121951219512195,0.8427388706248664,11.849999999999994,False,30;39;40;76;183;190;198;206;210;215;223;229;232;237;240;250;253;256;259;275;278;286;307;325;329;340;343;354;357;371;377;378;388;396;403;411;416;427;431;442;445
T5_Epost,10,pooled,hdbscan,-1,41,14,0.34146341463414637,1.0,13.983500000000006,False,39;40;61;69;110;166;176;190;224;227;232;241;250;253;275;286;288;307;310;313;321;322;329;340;343;354;355;371;375;377;384;393;411;427;431;432;440;445;471;14;86
T5_Epost,10,pooled,hdbscan,0,10,3,0.3,1.0,10.349999999999994,False,73;150;240;265;284;320;328;334;370;413
T5_Epost,10,pooled,hdbscan,1,8,3,0.375,1.0,18.0,False,30;76;90;183;210;221;248;325
T5_Epost,10,pooled,kmeans_k4,0,14,5,0.35714285714285715,1.0,18.25,False,166;224;227;241;250;265;288;321;355;375;384;432;440;86
T5_Epost,10,pooled,kmeans_k4,1,16,6,0.375,0.7631491422696723,13.983500000000006,False,30;76;176;183;190;210;221;232;253;307;354;371;427;445;471;14
T5_Epost,10,pooled,kmeans_k4,2,17,5,0.29411764705882354,0.7659032220107227,10.36699999999999,False,39;61;73;110;150;240;248;275;284;286;320;322;328;334;343;370;413
T5_Epost,10,pooled,kmeans_k4,3,12,4,0.3333333333333333,1.0,11.950000000000003,False,40;69;90;310;313;325;329;340;377;393;411;431
T5_Epre,2,pooled,hdbscan,-1,57,31,0.543859649122807,0.4577129206719407,11.457999999999998,False,4;73;96;103;110;160;198;212;214;215;221;224;229;230;234;235;237;241;248;250;251;265;278;286;288;307;308;309;310;320;321;329;334;340;343;348;354;362;370;371;377;378;380;384;388;391;398;401;402;403;408;415;421;431;442;463;469
T5_Epre,2,pooled,hdbscan,0,46,18,0.391304347826087,0.08709260119779944,13.725000000000009,False,6;8;30;39;40;61;76;90;91;93;150;158;165;166;176;183;189;190;210;223;227;232;253;273;275;284;313;322;325;328;350;357;361;381;393;396;405;411;413;416;427;440;444;464;468;14
T5_Epre,2,pooled,hdbscan,1,6,4,0.6666666666666666,0.6791281470004056,14.783500000000004,False,206;240;323;375;445;471
T5_Epre,2,pooled,hdbscan,2,7,5,0.7142857142857143,0.43847425725070976,11.849999999999994,False,69;112;256;259;355;432;86
T5_Epre,2,pooled,kmeans_k3,0,38,23,0.6052631578947368,0.16570873348046583,12.75,False,4;69;112;206;212;215;224;235;237;240;241;251;256;259;278;309;313;321;323;334;348;354;355;362;371;375;380;388;398;401;402;408;421;432;445;463;471;86
T5_Epre,2,pooled,kmeans_k3,1,39,17,0.4358974358974359,0.431993276120487,13.550000000000011,False,39;76;90;91;93;103;150;160;165;176;183;189;190;221;223;227;234;248;253;284;286;308;310;325;328;350;357;370;381;393;403;405;411;413;416;431;444;464;468
T5_Epre,2,pooled,kmeans_k3,2,39,18,0.46153846153846156,0.6945418386307355,11.827499999999986,False,6;8;30;40;61;73;96;110;158;166;198;210;214;229;230;232;250;265;273;275;288;307;320;322;329;340;343;361;377;378;384;391;396;415;427;440;442;469;14
T5_Epre,5,pooled,hdbscan,-1,62,30,0.4838709677419355,1.0,11.849999999999994,False,4;6;8;39;40;61;90;91;96;112;158;210;212;214;215;223;224;227;229;230;235;237;240;256;273;278;284;288;307;308;313;320;321;322;323;329;340;348;354;355;361;362;371;377;380;384;388;393;402;405;408;413;416;421;440;444;445;463;464;468;469;14
T5_Epre,5,pooled,hdbscan,0,7,4,0.5714285714285714,0.7141758954700418,6.266500000000001,False,110;166;370;375;401;415;427
T5_Epre,5,pooled,hdbscan,1,9,4,0.4444444444444444,1.0,7.2934999999999945,False,30;73;76;93;241;275;381;403;432
T5_Epre,5,pooled,hdbscan,2,10,5,0.5,1.0,13.900000000000006,False,183;198;232;265;286;309;325;343;357;378
T5_Epre,5,pooled,hdbscan,3,19,10,0.5263157894736842,0.8047054975325885,15.832999999999998,False,69;103;160;165;176;189;190;206;221;234;248;253;259;328;391;431;442;471;86
T5_Epre,5,pooled,hdbscan,4,7,3,0.42857142857142855,1.0,13.550000000000011,False,150;250;310;350;396;398;411
T5_Epre,5,pooled,kmeans_k3,0,38,17,0.4473684210526316,0.5549089078882588,11.365999999999984,False,4;40;76;90;93;96;150;158;160;189;212;214;223;224;240;250;273;275;284;307;310;320;328;340;348;350;355;361;393;396;398;403;411;432;463;464;469;471
T5_Epre,5,pooled,kmeans_k3,1,40,21,0.525,0.695391576314502,13.674999999999997,False,69;103;112;165;176;190;206;210;215;221;227;229;234;235;248;253;256;259;278;308;321;322;323;329;354;362;371;380;384;388;391;402;405;408;421;431;442;444;14;86
T5_Epre,5,pooled,kmeans_k3,2,36,18,0.5,1.0,12.844499999999996,False,6;8;30;39;61;73;91;110;166;183;198;230;232;237;241;265;286;288;309;313;325;343;357;370;375;377;378;381;401;413;415;416;427;440;445;468
T5_Epre,10,pooled,hdbscan,-1,35,21,0.6,0.029336556658998196,12.102499999999992,False,4;39;69;73;110;112;158;183;206;230;235;237;256;265;275;310;323;329;343;348;354;357;375;377;378;380;393;416;427;431;440;442;463;468;469
T5_Epre,10,pooled,hdbscan,0,6,3,0.5,1.0,11.299999999999985,False,8;166;229;328;370;415
T5_Epre,10,pooled,hdbscan,1,9,2,0.2222222222222222,0.1778756719691888,8.5,False,6;61;91;96;212;241;325;388;432
T5_Epre,10,pooled,hdbscan,2,39,14,0.358974358974359,0.14034581416181172,13.983500000000006,False,40;76;90;103;150;160;165;189;190;214;215;221;223;224;227;232;240;248;250;273;278;284;286;288;307;308;313;320;321;322;340;355;384;402;408;444;445;464;86
T5_Epre,10,pooled,kmeans_k3,0,35,14,0.4,0.5162866049999044,11.352499999999992,False,40;76;150;165;189;190;214;215;221;223;227;240;248;273;286;288;307;308;310;313;320;321;322;329;348;378;408;431;442;444;445;464;468;469;86
T5_Epre,10,pooled,kmeans_k3,1,30,14,0.4666666666666667,0.8257242501399645,10.349999999999994,False,4;6;39;61;73;91;96;103;158;183;212;230;235;237;241;256;265;284;323;325;343;355;357;377;380;388;393;432;440;463
T5_Epre,10,pooled,kmeans_k3,2,24,12,0.5,0.6343854719911315,16.533500000000004,False,8;69;90;110;112;160;166;206;224;229;232;250;275;278;328;340;354;370;375;384;402;415;416;427
T5_alone,2,pooled,hdbscan,-1,48,27,0.5625,0.3517490217621564,13.492000000000004,False,6;30;73;110;150;160;183;198;215;224;232;234;235;237;240;241;248;251;256;265;273;278;284;286;308;321;322;328;340;348;350;355;357;361;362;370;375;377;380;388;393;401;403;405;408;444;445;86
T5_alone,2,pooled,hdbscan,0,5,4,0.8,0.36437091188918813,18.166500000000006,False,91;189;210;323;402
T5_alone,2,pooled,hdbscan,1,22,11,0.5,1.0,13.550000000000011,False,39;40;61;103;112;158;165;190;221;250;259;288;309;354;373;384;396;411;416;431;432;442
T5_alone,2,pooled,hdbscan,2,6,2,0.3333333333333333,0.4346214240404314,46.11750000000001,False,8;307;313;378;464;468
T5_alone,2,pooled,hdbscan,3,35,15,0.42857142857142855,0.3132955965745233,10.349999999999994,False,4;69;76;90;93;96;166;176;206;212;214;223;227;229;230;253;275;310;320;325;329;334;343;381;391;398;413;415;421;427;440;463;469;471;14
T5_alone,2,pooled,kmeans_k2,0,50,27,0.54,0.5789419906741827,12.102499999999992,False,8;39;40;61;103;112;150;158;165;190;215;221;234;235;248;250;256;259;284;286;288;307;309;321;322;328;340;348;354;355;357;362;373;377;378;380;384;388;396;401;403;405;411;416;431;432;442;444;464;468
T5_alone,2,pooled,kmeans_k2,1,66,32,0.48484848484848486,0.5789419906741828,13.492000000000004,False,4;6;30;69;73;76;90;91;93;96;110;160;166;176;183;189;198;206;210;212;214;223;224;227;229;230;232;237;240;241;251;253;265;273;275;278;308;310;313;320;323;325;329;334;343;350;361;370;375;381;391;393;398;402;408;413;415;421;427;440;445;463;469;471;14;86
T5_alone,5,pooled,hdbscan,-1,12,4,0.3333333333333333,0.23480779332714152,12.30850000000001,False,8;183;284;328;343;377;391;411;432;463;14;86
T5_alone,5,pooled,hdbscan,0,8,5,0.625,0.7170166060741476,13.900000000000006,False,6;96;232;251;265;350;415;431
T5_alone,5,pooled,hdbscan,1,96,50,0.5208333333333334,0.6280538566281233,11.849999999999994,False,4;30;39;40;61;69;73;76;90;91;93;103;110;112;150;158;160;165;166;176;189;190;198;206;210;212;214;215;221;223;224;227;229;230;234;235;237;240;241;248;250;253;256;259;273;275;278;286;288;307;308;309;310;313;320;321;322;323;325;329;334;340;348;354;355;357;361;362;370;373;375;378;380;381;384;388;393;396;398;401;402;403;405;408;413;416;421;427;440;442;444;445;464;468;469;471
T5_alone,5,pooled,kmeans_k5,0,27,10,0.37037037037037035,0.12565978435554045,11.849999999999994,False,4;8;40;61;69;76;90;93;103;112;150;241;248;253;256;288;310;313;321;328;377;380;384;398;421;442;463
T5_alone,5,pooled,kmeans_k5,1,12,6,0.5,1.0,20.066999999999993,False,6;96;189;227;232;251;265;343;350;415;431;86
T5_alone,5,pooled,kmeans_k5,2,24,11,0.4583333333333333,0.6500615160548215,18.333000000000013,False,91;110;160;212;275;278;308;309;320;325;334;340;355;362;370;373;375;381;391;393;396;402;403;405
T5_alone,5,pooled,kmeans_k5,3,27,14,0.5185185185185185,1.0,12.9525,False,39;73;158;210;215;221;230;235;240;250;284;307;322;329;354;361;378;388;401;411;416;444;464;468;469;471;14
T5_alone,5,pooled,kmeans_k5,4,26,18,0.6923076923076923,0.04483452213616373,10.966499999999996,False,30;165;166;176;183;190;198;206;214;223;224;229;234;237;259;273;286;323;348;357;408;413;427;432;440;445
T5_alone,10,pooled,hdbscan,-1,44,22,0.5,1.0,11.299999999999985,False,30;39;40;61;73;103;110;112;158;166;176;189;190;215;221;224;229;240;259;265;284;307;310;334;343;350;357;375;380;381;391;393;405;408;416;432;442;445;464;468;469;471;14;86
T5_alone,10,pooled,hdbscan,0,14,10,0.7142857142857143,0.15328168378618273,18.03300000000001,False,8;69;96;212;230;250;256;308;309;355;361;402;413;421
T5_alone,10,pooled,hdbscan,1,58,27,0.46551724137931033,0.45771292067194047,11.550000000000011,False,4;6;76;90;91;93;150;160;165;183;198;206;210;214;223;227;232;234;235;237;241;248;251;253;273;275;278;286;288;313;320;321;322;323;325;328;329;340;348;354;362;370;373;377;378;384;388;396;398;401;403;411;415;427;431;440;444;463
T5_alone,10,pooled,kmeans_k2,0,78,36,0.46153846153846156,0.16923243035265287,11.860499999999988,False,4;6;40;61;73;90;91;93;150;158;165;166;183;198;206;210;214;215;221;223;227;229;232;234;235;237;240;241;248;251;253;265;273;275;278;286;288;313;320;321;322;323;325;328;329;334;348;350;354;373;377;378;381;384;388;391;393;396;398;401;403;405;411;415;416;427;431;432;440;442;444;445;463;468;469;471;14;86
T5_alone,10,pooled,kmeans_k2,1,38,23,0.6052631578947368,0.16923243035265284,16.783500000000004,False,8;30;39;69;76;96;103;110;112;160;176;189;190;212;224;230;250;256;259;284;307;308;309;310;340;343;355;357;361;362;370;375;380;402;408;413;421;464
T5_postcheating,2,pooled,hdbscan,-1,40,40,1.0,1.0,13.442000000000007,False,8;103;112;160;198;206;210;224;229;230;232;234;235;248;256;259;273;284;310;329;334;348;350;357;361;362;378;388;401;403;411;415;416;421;427;431;440;445;469;471
T5_postcheating,2,pooled,hdbscan,0,6,6,1.0,1.0,9.708499999999987,False,110;321;323;373;413;442
T5_postcheating,2,pooled,hdbscan,1,11,11,1.0,1.0,11.067000000000007,False,30;158;223;237;251;308;309;355;381;402;432
T5_postcheating,2,pooled,kmeans_k3,0,18,18,1.0,1.0,10.358499999999992,False,30;158;229;235;248;259;284;321;323;350;401;413;415;416;427;442;469;471
T5_postcheating,2,pooled,kmeans_k3,1,23,23,1.0,1.0,13.650000000000006,False,8;112;160;210;223;232;234;237;251;256;273;308;309;329;348;355;362;381;402;403;421;432;445
T5_postcheating,2,pooled,kmeans_k3,2,16,16,1.0,1.0,14.525000000000006,False,103;110;198;206;224;230;310;334;357;361;373;378;388;411;431;440
T5_postcheating,5,pooled,hdbscan,-1,30,30,1.0,1.0,12.442000000000007,False,103;112;158;160;198;223;224;235;237;308;309;310;321;323;329;348;350;357;361;362;411;413;415;416;427;431;432;440;469;471
T5_postcheating,5,pooled,hdbscan,0,19,19,1.0,1.0,13.650000000000006,False,8;110;229;232;248;251;256;259;273;284;334;355;373;388;401;402;403;421;445
T5_postcheating,5,pooled,hdbscan,1,7,7,1.0,1.0,4.937999999999988,False,30;206;210;230;378;381;442
T5_postcheating,5,pooled,kmeans_k2,0,28,28,1.0,1.0,13.983500000000006,False,8;112;198;224;229;232;235;248;251;256;259;273;284;329;348;355;361;362;373;388;402;403;415;416;421;445;469;471
T5_postcheating,5,pooled,kmeans_k2,1,28,28,1.0,1.0,9.858499999999992,False,30;103;110;158;160;206;210;223;230;237;308;309;310;321;323;334;350;357;378;381;401;411;413;427;431;432;440;442
T5_postcheating,10,pooled,hdbscan,-1,40,40,1.0,1.0,12.844499999999996,False,8;103;112;160;198;206;224;229;230;232;237;251;256;273;284;308;309;310;321;323;329;348;350;357;361;373;378;381;388;401;402;403;415;416;421;431;440;442;445;471
T5_postcheating,10,pooled,hdbscan,0,5,5,1.0,1.0,10.865999999999984,False,30;259;362;413;432
T5_postcheating,10,pooled,hdbscan,1,6,6,1.0,1.0,13.650000000000006,False,110;158;210;223;248;427
T5_postcheating,10,pooled,kmeans_k4,0,11,11,1.0,1.0,11.550000000000011,False,230;256;259;329;361;362;413;416;421;431;432
T5_postcheating,10,pooled,kmeans_k4,1,10,10,1.0,1.0,13.775000000000006,False,103;224;232;251;321;357;373;378;402;415
T5_postcheating,10,pooled,kmeans_k4,2,14,14,1.0,1.0,9.858499999999992,False,8;112;160;198;229;237;273;284;308;348;381;401;442;445
T5_postcheating,10,pooled,kmeans_k4,3,16,16,1.0,1.0,13.432999999999993,False,30;110;158;206;210;223;248;309;310;323;350;388;403;427;440;471
T5_precheating,2,pooled,hdbscan,-1,25,25,1.0,1.0,13.334000000000003,False,8;30;103;110;112;160;198;206;223;235;237;251;256;259;284;308;323;357;373;388;402;421;427;432;469
T5_precheating,2,pooled,hdbscan,0,7,7,1.0,1.0,10.36699999999999,False,230;234;334;348;350;361;413
T5_precheating,2,pooled,hdbscan,1,26,26,1.0,1.0,12.35499999999999,False,158;189;210;224;229;232;248;273;309;310;321;329;355;362;378;380;381;401;403;411;415;431;440;442;445;471
T5_precheating,2,pooled,kmeans_k4,0,11,11,1.0,1.0,9.36699999999999,False,103;160;189;198;357;388;401;415;431;432;442
T5_precheating,2,pooled,kmeans_k4,1,13,13,1.0,1.0,13.550000000000011,False,8;206;229;235;251;284;329;378;381;411;427;440;471
T5_precheating,2,pooled,kmeans_k4,2,18,18,1.0,1.0,13.900000000000006,False,158;210;223;224;232;248;273;309;310;321;323;355;362;380;402;403;445;469
T5_precheating,2,pooled,kmeans_k4,3,16,16,1.0,1.0,13.841999999999999,False,30;110;112;230;234;237;256;259;308;334;348;350;361;373;413;421
T5_precheating,5,pooled,hdbscan,-1,34,34,1.0,1.0,13.900000000000006,False,110;160;198;206;210;229;230;232;234;235;237;251;259;273;284;308;309;310;323;329;350;357;361;373;378;380;401;402;411;421;431;432;440;445
T5_precheating,5,pooled,hdbscan,0,12,12,1.0,1.0,14.007999999999996,False,8;112;158;189;224;248;256;321;334;362;388;471
T5_precheating,5,pooled,hdbscan,1,6,6,1.0,1.0,10.866499999999988,False,348;355;403;413;415;469
T5_precheating,5,pooled,kmeans_k3,0,22,22,1.0,1.0,12.9525,False,8;112;158;160;189;210;224;234;235;248;259;321;323;334;361;362;378;388;401;411;432;471
T5_precheating,5,pooled,kmeans_k3,1,14,14,1.0,1.0,13.334000000000003,False,198;230;232;251;256;273;284;308;309;310;329;350;380;431
T5_precheating,5,pooled,kmeans_k3,2,16,16,1.0,1.0,15.667000000000002,False,110;206;229;237;348;355;357;373;402;403;413;415;421;440;445;469
T5_precheating,10,pooled,hdbscan,-1,23,23,1.0,1.0,15.667000000000002,False,8;112;198;206;210;224;232;234;235;259;284;310;334;357;361;373;378;380;403;411;413;421;440
T5_precheating,10,pooled,hdbscan,0,7,7,1.0,1.0,28.467000000000013,False,110;308;309;350;355;362;402
T5_precheating,10,pooled,hdbscan,1,13,13,1.0,1.0,13.650000000000006,False,158;160;189;229;248;251;256;321;431;432;445;469;471
T5_precheating,10,pooled,kmeans_k2,0,17,17,1.0,1.0,17.733000000000004,False,8;110;224;256;259;284;308;309;310;334;350;355;361;362;402;413;421
T5_precheating,10,pooled,kmeans_k2,1,26,26,1.0,1.0,15.5,False,112;158;160;189;198;206;210;229;232;234;235;248;251;321;357;373;378;380;403;411;431;432;440;445;469;471
T1_post,2,cheaters_only,hdbscan,-1,57,57,,,12.844499999999996,False,8;30;103;112;158;160;189;198;206;210;223;224;229;230;232;234;235;237;248;251;256;259;273;284;308;309;310;321;323;329;348;350;355;357;361;362;373;378;380;381;388;401;402;403;411;413;415;416;421;427;431;432;440;442;445;469;471
T1_post,2,cheaters_only,kmeans_k2,0,30,30,,,11.550000000000011,False,30;158;160;189;210;223;224;229;230;232;237;251;256;259;329;362;373;380;381;401;402;403;411;413;416;431;432;440;445;469
T1_post,2,cheaters_only,kmeans_k2,1,27,27,,,15.5,False,8;103;112;198;206;234;235;248;273;284;308;309;310;321;323;348;350;355;357;361;378;388;415;421;427;442;471
T1_post,5,cheaters_only,hdbscan,-1,49,49,,,12.844499999999996,False,8;30;103;112;158;189;198;210;223;224;229;230;232;234;235;237;248;251;256;259;273;284;308;309;310;321;323;348;350;355;357;361;362;373;378;380;381;388;401;402;403;411;415;416;421;427;432;445;471
T1_post,5,cheaters_only,kmeans_k3,0,22,22,,,11.115999999999984,False,30;112;158;210;237;259;273;284;308;309;321;323;350;355;362;373;388;403;415;416;427;471
T1_post,5,cheaters_only,kmeans_k3,1,13,13,,,13.550000000000011,False,103;198;223;232;235;248;256;348;357;361;378;411;445
T1_post,5,cheaters_only,kmeans_k3,2,14,14,,,13.650000000000006,False,8;189;224;229;230;234;251;310;380;381;401;402;421;432
T1_post,10,cheaters_only,hdbscan,-1,18,18,,,11.849999999999994,False,112;158;224;256;259;273;308;309;310;323;373;378;380;381;403;411;432;471
T1_post,10,cheaters_only,hdbscan,0,8,8,,,15.691500000000005,False,8;223;229;230;251;355;357;361
T1_post,10,cheaters_only,hdbscan,1,8,8,,,15.950000000000003,False,103;189;198;210;232;234;235;237
T1_post,10,cheaters_only,kmeans_k4,0,8,8,,,22.11699999999999,False,189;198;210;237;308;309;373;411
T1_post,10,cheaters_only,kmeans_k4,1,9,9,,,11.183499999999995,False,8;229;230;251;310;380;381;403;432
T1_post,10,cheaters_only,kmeans_k4,2,9,9,,,12.35499999999999,False,103;224;232;235;256;273;323;378;471
T1_post,10,cheaters_only,kmeans_k4,3,8,8,,,18.5,False,112;158;223;234;259;355;357;361
T1_pre,2,cheaters_only,hdbscan,-1,58,58,,,12.35499999999999,False,8;30;103;110;112;158;160;189;198;206;210;223;224;229;230;232;234;235;237;248;251;256;259;273;284;308;309;310;321;323;329;334;348;350;355;361;362;373;378;380;381;388;401;402;403;411;413;415;416;421;427;431;432;440;442;445;469;471
T1_pre,2,cheaters_only,kmeans_k3,0,16,16,,,13.550000000000011,False,8;198;210;229;230;234;235;248;334;355;378;380;388;411;427;440
T1_pre,2,cheaters_only,kmeans_k3,1,17,17,,,18.25,False,110;112;206;223;224;308;309;329;350;361;362;373;401;413;415;431;469
T1_pre,2,cheaters_only,kmeans_k3,2,25,25,,,10.349999999999994,False,30;103;158;160;189;232;237;251;256;259;273;284;310;321;323;348;381;402;403;416;421;432;442;445;471
T1_pre,5,cheaters_only,hdbscan,-1,58,58,,,12.35499999999999,False,8;30;103;110;112;158;160;189;198;206;210;223;224;229;230;232;234;235;237;248;251;256;259;273;284;308;309;310;321;323;329;334;348;350;355;361;362;373;378;380;381;388;401;402;403;411;413;415;416;421;427;431;432;440;442;445;469;471
T1_pre,5,cheaters_only,kmeans_k2,0,25,25,,,11.365999999999984,False,8;103;198;210;223;229;230;232;234;235;237;248;251;273;284;321;362;378;403;413;415;416;427;431;442
T1_pre,5,cheaters_only,kmeans_k2,1,33,33,,,14.783500000000004,False,30;110;112;158;160;189;206;224;256;259;308;309;310;323;329;334;348;350;355;361;373;380;381;388;401;402;411;421;432;440;445;469;471
T1_pre,10,cheaters_only,hdbscan,-1,22,22,,,10.349999999999994,False,8;112;160;224;230;237;273;284;310;321;323;329;378;380;381;415;431;432;442;445;469;471
T1_pre,10,cheaters_only,hdbscan,0,5,5,,,11.299999999999985,False,110;223;229;362;427
T1_pre,10,cheaters_only,hdbscan,1,21,21,,,13.650000000000006,False,30;103;158;189;198;206;234;248;251;256;259;334;355;361;373;388;403;411;416;421;440
T1_pre,10,cheaters_only,kmeans_k4,0,11,11,,,10.865999999999984,False,8;160;224;259;284;310;329;355;388;445;469
T1_pre,10,cheaters_only,kmeans_k4,1,13,13,,,12.700000000000003,False,30;103;234;248;251;256;321;380;403;411;416;440;442
T1_pre,10,cheaters_only,kmeans_k4,2,13,13,,,11.550000000000011,False,110;112;158;198;223;229;230;361;362;378;415;427;471
T1_pre,10,cheaters_only,kmeans_k4,3,11,11,,,11.067000000000007,False,189;206;237;273;323;334;373;381;421;431;432
T2_post,2,cheaters_only,hdbscan,-1,14,14,,,11.827499999999986,False,30;158;224;229;230;284;334;350;373;378;381;431;440;445
T2_post,2,cheaters_only,hdbscan,0,9,9,,,13.650000000000006,False,198;206;251;308;309;310;361;388;413
T2_post,2,cheaters_only,hdbscan,1,34,34,,,11.849999999999994,False,103;110;112;160;189;210;223;232;234;235;237;248;256;259;321;323;329;348;355;357;362;380;401;402;403;411;415;416;421;427;432;442;469;471
T2_post,2,cheaters_only,kmeans_k4,0,11,11,,,13.650000000000006,False,198;206;251;284;308;309;310;361;373;388;413
T2_post,2,cheaters_only,kmeans_k4,1,12,12,,,12.700000000000003,False,224;229;248;256;259;321;355;401;403;411;416;440
T2_post,2,cheaters_only,kmeans_k4,2,16,16,,,15.834000000000003,False,30;103;189;223;234;235;237;348;357;378;380;381;402;421;469;471
T2_post,2,cheaters_only,kmeans_k4,3,18,18,,,10.216999999999999,False,110;112;158;160;210;230;232;323;329;334;350;362;415;427;431;432;442;445
T2_post,5,cheaters_only,hdbscan,-1,49,49,,,12.844499999999996,False,30;110;112;158;189;198;206;210;223;224;229;230;232;234;235;237;248;251;256;259;284;308;309;310;321;323;329;348;350;355;361;362;378;380;381;388;402;403;411;413;415;421;427;431;432;442;445;469;471
T2_post,5,cheaters_only,kmeans_k3,0,14,14,,,13.725000000000009,False,110;223;224;229;230;232;235;256;259;402;411;432;469;471
T2_post,5,cheaters_only,kmeans_k3,1,17,17,,,14.783500000000004,False,30;112;206;248;251;308;309;310;329;355;361;378;380;388;403;421;445
T2_post,5,cheaters_only,kmeans_k3,2,18,18,,,9.825000000000003,False,158;189;198;210;234;237;284;321;323;348;350;362;381;413;415;427;431;442
T2_pre,2,cheaters_only,hdbscan,-1,58,58,,,12.35499999999999,False,8;30;103;110;112;158;160;189;198;206;210;223;224;229;230;232;234;235;237;248;251;256;259;273;284;308;309;310;321;323;329;334;348;350;355;361;362;373;378;380;381;388;401;402;403;411;413;415;416;421;427;431;432;440;442;445;469;471
T2_pre,2,cheaters_only,kmeans_k3,0,16,16,,,10.85799999999999,False,160;198;206;223;234;237;310;334;362;378;381;403;411;427;442;445
T2_pre,2,cheaters_only,kmeans_k3,1,19,19,,,17.650000000000006,False,8;158;189;210;224;230;248;273;309;321;329;355;361;380;413;416;421;432;440
T2_pre,2,cheaters_only,kmeans_k3,2,23,23,,,13.650000000000006,False,30;103;110;112;229;232;235;251;256;259;284;308;323;348;350;373;388;401;402;415;431;469;471
T2_pre,5,cheaters_only,hdbscan,-1,27,27,,,10.616499999999988,False,8;30;103;158;206;229;237;251;259;310;321;323;334;355;378;380;381;388;401;402;413;416;421;432;440;442;469
T2_pre,5,cheaters_only,hdbscan,0,14,14,,,15.033000000000001,False,160;189;210;224;232;234;248;256;273;284;329;373;403;471
T2_pre,5,cheaters_only,hdbscan,1,5,5,,,4.9669999999999845,False,223;230;411;427;445
T2_pre,5,cheaters_only,hdbscan,2,9,9,,,19.267,False,110;112;198;235;348;350;361;362;431
T2_pre,5,cheaters_only,kmeans_k2,0,25,25,,,12.75,False,158;160;189;206;210;224;229;232;234;248;251;256;273;284;323;329;373;380;388;402;403;413;416;432;471
T2_pre,5,cheaters_only,kmeans_k2,1,30,30,,,11.9525,False,8;30;103;110;112;198;223;230;235;237;259;310;321;334;348;350;355;361;362;378;381;401;411;421;427;431;440;442;445;469
T2_pre,10,cheaters_only,hdbscan,-1,31,31,,,13.80850000000001,False,110;112;160;189;223;224;248;256;259;284;310;329;355;361;362;373;378;380;388;402;403;411;416;427;431;432;440;442;445;469;471
T2_pre,10,cheaters_only,kmeans_k3,0,11,11,,,19.267,False,110;112;224;248;355;362;373;427;442;469;471
T2_pre,10,cheaters_only,kmeans_k3,1,11,11,,,12.700000000000003,False,160;189;256;329;380;388;402;411;416;432;440
T2_pre,10,cheaters_only,kmeans_k3,2,9,9,,,11.365999999999984,False,223;259;284;310;361;378;403;431;445
T3_post,2,cheaters_only,hdbscan,-1,31,31,,,12.442000000000007,False,110;160;198;206;210;234;237;251;259;284;308;309;310;321;323;348;350;357;361;362;380;381;403;411;413;415;421;427;442;445;471
T3_post,2,cheaters_only,hdbscan,0,7,7,,,12.35499999999999,False,223;224;378;388;401;431;469
T3_post,2,cheaters_only,hdbscan,1,9,9,,,17.567000000000007,False,30;103;112;189;232;235;329;402;416
T3_post,2,cheaters_only,hdbscan,2,9,9,,,11.849999999999994,False,8;158;229;230;248;256;355;432;440
T3_post,2,cheaters_only,kmeans_k2,0,23,23,,,13.550000000000011,False,110;206;223;224;232;235;237;259;284;308;309;350;361;362;378;388;401;403;411;413;431;442;469
T3_post,2,cheaters_only,kmeans_k2,1,33,33,,,12.591999999999999,False,8;30;103;112;158;160;189;198;210;229;230;234;248;251;256;310;321;323;329;348;355;357;380;381;402;415;416;421;427;432;440;445;471
T3_post,5,cheaters_only,hdbscan,-1,37,37,,,12.102499999999992,False,103;112;189;206;223;224;229;230;235;237;248;251;256;284;308;310;321;323;329;350;355;357;361;362;378;380;388;401;403;411;413;415;427;431;440;469;471
T3_post,5,cheaters_only,hdbscan,0,5,5,,,13.900000000000006,False,158;210;232;234;259
T3_post,5,cheaters_only,hdbscan,1,7,7,,,14.067000000000007,False,30;110;198;309;381;421;445
T3_post,5,cheaters_only,kmeans_k5,0,10,10,,,18.0,False,112;198;210;259;309;321;380;413;440;469
T3_post,5,cheaters_only,kmeans_k5,1,11,11,,,13.900000000000006,False,158;189;206;230;232;234;235;323;350;403;427
T3_post,5,cheaters_only,kmeans_k5,2,10,10,,,11.352499999999992,False,223;224;237;284;310;357;378;401;411;431
T3_post,5,cheaters_only,kmeans_k5,3,11,11,,,11.849999999999994,False,30;103;110;248;256;308;329;362;381;421;445
T3_post,5,cheaters_only,kmeans_k5,4,7,7,,,13.650000000000006,False,229;251;355;361;388;415;471
T3_pre,2,cheaters_only,hdbscan,-1,37,37,,,13.650000000000006,False,8;103;160;189;206;223;229;232;234;235;237;251;308;309;310;323;329;334;348;355;357;361;373;378;381;388;402;413;415;416;427;431;432;440;442;445;469
T3_pre,2,cheaters_only,hdbscan,0,13,13,,,12.457999999999998,False,30;110;112;158;210;230;248;273;321;350;380;403;411
T3_pre,2,cheaters_only,hdbscan,1,8,8,,,12.591999999999999,False,198;224;256;259;362;401;421;471
T3_pre,2,cheaters_only,kmeans_k3,0,22,22,,,13.550000000000011,False,30;158;189;210;229;230;234;251;259;273;321;350;355;357;361;380;388;411;415;427;445;471
T3_pre,2,cheaters_only,kmeans_k3,1,16,16,,,11.860499999999988,False,8;103;110;112;160;223;248;310;334;373;378;403;413;431;432;440
T3_pre,2,cheaters_only,kmeans_k3,2,20,20,,,13.617000000000004,False,198;206;224;232;235;237;256;308;309;323;329;348;362;381;401;402;416;421;442;469
T3_pre,5,cheaters_only,hdbscan,-1,25,25,,,12.844499999999996,False,8;103;110;112;158;198;206;230;232;234;251;273;310;321;323;334;348;355;378;380;401;411;416;427;440
T3_pre,5,cheaters_only,hdbscan,0,10,10,,,11.216499999999996,False,210;237;350;373;381;388;403;415;432;445
T3_pre,5,cheaters_only,hdbscan,1,21,21,,,15.834000000000003,False,30;160;189;223;224;229;235;248;256;259;284;329;357;361;362;402;421;431;442;469;471
T3_pre,5,cheaters_only,kmeans_k2,0,29,29,,,12.35499999999999,False,8;30;112;158;160;189;223;224;229;235;248;256;259;284;329;334;348;357;361;362;378;402;411;421;427;431;442;469;471
T3_pre,5,cheaters_only,kmeans_k2,1,27,27,,,12.349999999999994,False,103;110;198;206;210;230;232;234;237;251;273;310;321;323;350;355;373;380;381;388;401;403;415;416;432;440;445
T3_pre,10,cheaters_only,hdbscan,-1,36,36,,,15.667000000000002,False,110;112;158;189;206;210;223;224;230;235;248;251;259;273;284;310;323;329;355;357;361;362;373;402;411;415;416;421;427;431;432;440;442;445;469;471
T3_pre,10,cheaters_only,kmeans_k3,0,11,11,,,13.650000000000006,False,206;223;251;310;323;329;373;415;416;431;440
T3_pre,10,cheaters_only,kmeans_k3,1,14,14,,,18.291500000000006,False,112;189;224;235;248;284;355;357;361;402;411;427;442;471
T3_pre,10,cheaters_only,kmeans_k3,2,11,11,,,11.550000000000011,False,110;158;210;230;259;273;362;421;432;445;469
T4_post,2,cheaters_only,hdbscan,-1,39,39,,,13.983500000000006,False,8;103;110;189;206;229;230;232;234;235;248;256;273;308;309;321;323;329;334;350;355;361;378;380;381;388;401;402;411;413;415;416;421;431;432;440;442;445;469
T4_post,2,cheaters_only,hdbscan,0,7,7,,,10.349999999999994,False,158;210;223;237;259;310;362
T4_post,2,cheaters_only,hdbscan,1,13,13,,,13.334000000000003,False,30;112;160;198;224;251;284;348;357;373;403;427;471
T4_post,2,cheaters_only,kmeans_k3,0,16,16,,,11.550000000000011,False,158;210;223;237;259;310;355;362;378;380;411;413;416;432;440;445
T4_post,2,cheaters_only,kmeans_k3,1,20,20,,,14.417000000000002,False,8;30;189;198;206;224;230;248;256;273;284;323;329;350;381;388;402;421;431;469
T4_post,2,cheaters_only,kmeans_k3,2,23,23,,,13.650000000000006,False,103;110;112;160;229;232;234;235;251;308;309;321;334;348;357;361;373;401;403;415;427;442;471
T4_post,5,cheaters_only,hdbscan,-1,34,34,,,11.849999999999994,False,30;103;110;158;189;198;206;210;223;230;234;237;248;256;259;273;284;308;309;323;350;357;378;380;381;402;403;411;413;415;427;432;445;471
T4_post,5,cheaters_only,hdbscan,0,12,12,,,15.608500000000006,False,229;251;310;321;355;361;373;388;416;431;440;442
T4_post,5,cheaters_only,hdbscan,1,13,13,,,13.900000000000006,False,8;112;160;224;232;235;329;334;348;362;401;421;469
T4_post,5,cheaters_only,kmeans_k3,0,17,17,,,13.550000000000011,False,8;160;210;224;230;237;248;256;308;309;329;334;348;411;427;445;469
T4_post,5,cheaters_only,kmeans_k3,1,19,19,,,16.866500000000002,False,30;110;158;229;234;251;284;321;355;357;361;373;380;388;416;431;440;442;471
T4_post,5,cheaters_only,kmeans_k3,2,23,23,,,11.365999999999984,False,103;112;189;198;206;223;232;235;259;273;310;323;350;362;378;381;401;402;403;413;415;421;432
T4_post,10,cheaters_only,hdbscan,-1,49,49,,,13.725000000000009,False,8;30;103;112;158;189;198;206;210;223;224;230;232;234;235;237;248;256;259;284;308;309;310;321;323;329;334;348;350;355;361;373;378;380;388;401;402;403;411;415;416;421;427;431;432;440;445;469;471
T4_post,10,cheaters_only,hdbscan,0,5,5,,,13.650000000000006,False,110;251;357;413;442
T4_post,10,cheaters_only,hdbscan,1,5,5,,,9.36699999999999,False,160;229;273;362;381
T4_post,10,cheaters_only,kmeans_k2,0,32,32,,,11.067000000000007,False,30;110;112;160;189;198;206;223;229;230;235;251;259;273;284;310;321;329;334;357;362;378;380;381;402;413;427;431;432;440;442;445
T4_post,10,cheaters_only,kmeans_k2,1,27,27,,,16.165999999999997,False,8;103;158;210;224;232;234;237;248;256;308;309;323;348;350;355;361;373;388;401;403;411;415;416;421;469;471
T4_pre,2,cheaters_only,hdbscan,-1,59,59,,,12.844499999999996,False,8;30;103;110;112;158;160;189;198;206;210;223;224;229;230;232;234;235;237;248;251;256;259;273;284;308;309;310;321;323;329;334;348;350;355;357;361;362;373;378;380;381;388;401;402;403;411;413;415;416;421;427;431;432;440;442;445;469;471
T4_pre,2,cheaters_only,kmeans_k3,0,20,20,,,10.116499999999988,False,30;103;160;229;234;237;251;256;259;308;309;321;329;334;357;381;403;415;421;442
T4_pre,2,cheaters_only,kmeans_k3,1,23,23,,,15.5,False,8;112;158;189;198;206;210;223;224;230;232;248;273;310;350;361;373;378;388;401;416;427;440
T4_pre,2,cheaters_only,kmeans_k3,2,16,16,,,14.067000000000007,False,110;235;284;323;348;355;362;380;402;411;413;431;432;445;469;471
T4_pre,5,cheaters_only,hdbscan,-1,59,59,,,12.844499999999996,False,8;30;103;110;112;158;160;189;198;206;210;223;224;229;230;232;234;235;237;248;251;256;259;273;284;308;309;310;321;323;329;334;348;350;355;357;361;362;373;378;380;381;388;401;402;403;411;413;415;416;421;427;431;432;440;442;445;469;471
T4_pre,5,cheaters_only,kmeans_k4,0,18,18,,,12.207999999999998,False,30;110;158;160;206;210;235;251;259;321;348;355;357;381;411;415;442;445
T4_pre,5,cheaters_only,kmeans_k4,1,14,14,,,13.450500000000005,False,112;230;237;248;284;308;309;323;329;373;421;427;431;432
T4_pre,5,cheaters_only,kmeans_k4,2,11,11,,,11.299999999999985,False,8;189;223;224;229;256;273;334;388;403;413
T4_pre,5,cheaters_only,kmeans_k4,3,16,16,,,16.165999999999997,False,103;198;232;234;310;350;361;362;378;380;401;402;416;440;469;471
T4_pre,10,cheaters_only,hdbscan,-1,40,40,,,12.35499999999999,False,8;30;112;160;189;206;210;223;224;235;237;248;256;259;284;310;321;323;329;334;350;355;357;362;378;380;401;402;403;413;416;421;427;431;432;440;442;445;469;471
T4_pre,10,cheaters_only,kmeans_k3,0,14,14,,,11.860499999999988,False,30;160;189;223;224;235;284;321;350;378;403;413;416;445
T4_pre,10,cheaters_only,kmeans_k3,1,13,13,,,11.700000000000003,False,8;210;256;259;310;334;355;357;362;380;401;442;471
T4_pre,10,cheaters_only,kmeans_k3,2,13,13,,,15.834000000000003,False,112;206;237;248;323;329;402;421;427;431;432;440;469
T5_Epost,2,cheaters_only,hdbscan,-1,55,55,,,12.844499999999996,False,8;30;103;110;112;158;189;198;206;210;223;224;229;230;232;234;235;237;248;256;259;284;308;309;310;321;323;329;334;348;350;355;357;361;362;378;380;381;388;401;402;403;411;413;415;416;421;427;431;432;440;442;445;469;471
T5_Epost,2,cheaters_only,kmeans_k2,0,24,24,,,15.834000000000003,False,30;110;112;234;235;248;259;284;308;309;321;357;378;380;381;388;402;411;415;421;432;440;445;471
T5_Epost,2,cheaters_only,kmeans_k2,1,31,31,,,11.365999999999984,False,8;103;158;189;198;206;210;223;224;229;230;232;237;256;310;323;329;334;348;350;355;361;362;401;403;413;416;427;431;442;469
T5_Epost,5,cheaters_only,hdbscan,-1,15,15,,,12.35499999999999,False,206;223;256;321;350;355;378;381;402;411;415;427;432;440;445
T5_Epost,5,cheaters_only,hdbscan,0,5,5,,,10.36699999999999,False,112;224;310;401;413
T5_Epost,5,cheaters_only,hdbscan,1,32,32,,,13.334000000000003,False,8;30;110;158;189;198;210;229;230;232;234;235;237;248;259;284;308;323;329;334;348;357;361;362;380;388;403;416;431;442;469;471
T5_Epost,5,cheaters_only,kmeans_k5,0,11,11,,,11.365999999999984,False,30;198;223;229;237;259;378;403;416;431;445
T5_Epost,5,cheaters_only,kmeans_k5,1,11,11,,,11.550000000000011,False,158;230;248;256;284;334;348;357;362;469;471
T5_Epost,5,cheaters_only,kmeans_k5,2,12,12,,,13.725000000000009,False,189;206;210;232;234;323;329;350;388;411;427;442
T5_Epost,5,cheaters_only,kmeans_k5,3,11,11,,,25.4135,False,8;110;235;308;321;355;361;380;381;432;440
T5_Epost,5,cheaters_only,kmeans_k5,4,7,7,,,10.36699999999999,False,112;224;310;401;402;413;415
T5_Epre,2,cheaters_only,hdbscan,-1,58,58,,,12.35499999999999,False,8;30;103;110;112;158;160;189;198;206;210;223;224;229;230;232;234;235;237;248;251;256;259;273;284;308;309;310;321;323;329;334;348;350;355;357;361;362;378;380;381;388;401;402;403;411;413;415;416;421;427;431;432;440;442;445;469;471
T5_Epre,2,cheaters_only,kmeans_k3,0,20,20,,,13.442000000000007,False,8;110;158;198;210;229;230;232;273;329;350;378;411;413;416;427;431;440;442;469
T5_Epre,2,cheaters_only,kmeans_k3,1,18,18,,,16.783500000000004,False,103;112;224;234;235;248;251;256;259;308;309;310;361;402;403;415;421;432
T5_Epre,2,cheaters_only,kmeans_k3,2,20,20,,,9.049999999999985,False,30;160;189;206;223;237;284;321;323;334;348;355;357;362;380;381;388;401;445;471
T5_Epre,5,cheaters_only,hdbscan,-1,42,42,,,11.457999999999998,False,8;30;112;158;160;189;198;223;224;229;232;237;273;284;308;309;310;321;323;348;350;355;357;362;378;381;388;401;402;403;411;413;415;416;421;427;431;432;440;442;445;469
T5_Epre,5,cheaters_only,hdbscan,0,9,9,,,16.165999999999997,False,103;110;206;230;234;248;259;361;471
T5_Epre,5,cheaters_only,hdbscan,1,5,5,,,14.924999999999997,False,210;235;256;329;380
T5_Epre,5,cheaters_only,kmeans_k5,0,9,9,,,11.849999999999994,False,112;210;235;256;329;388;431;432;442
T5_Epre,5,cheaters_only,kmeans_k5,1,10,10,,,9.3335,False,8;158;160;223;224;321;348;362;411;427
T5_Epre,5,cheaters_only,kmeans_k5,2,15,15,,,11.299999999999985,False,103;110;206;229;230;234;248;259;308;310;323;401;402;415;471
T5_Epre,5,cheaters_only,kmeans_k5,3,9,9,,,13.900000000000006,False,198;232;284;309;357;378;413;416;469
T5_Epre,5,cheaters_only,kmeans_k5,4,13,13,,,14.950500000000005,False,30;189;237;273;350;355;361;380;381;403;421;440;445
T5_Epre,10,cheaters_only,hdbscan,-1,40,40,,,11.849999999999994,False,8;103;110;112;158;160;189;206;223;224;229;230;232;235;237;248;256;273;284;308;310;321;323;329;348;355;357;378;380;388;402;415;416;427;431;432;440;442;445;469
T5_Epre,10,cheaters_only,kmeans_k3,0,16,16,,,11.099999999999994,False,110;158;160;189;224;248;256;273;284;321;323;348;388;402;416;445
T5_Epre,10,cheaters_only,kmeans_k3,1,12,12,,,12.599999999999994,False,8;103;112;206;229;232;237;308;355;415;427;432
T5_Epre,10,cheaters_only,kmeans_k3,2,12,12,,,12.35499999999999,False,223;230;235;310;329;357;378;380;431;440;442;469
T5_alone,2,cheaters_only,hdbscan,-1,59,59,,,12.844499999999996,False,8;30;103;110;112;158;160;189;198;206;210;223;224;229;230;232;234;235;237;248;251;256;259;273;284;308;309;310;321;323;329;334;348;350;355;357;361;362;373;378;380;381;388;401;402;403;411;413;415;416;421;427;431;432;440;442;445;469;471
T5_alone,2,cheaters_only,kmeans_k3,0,21,21,,,13.650000000000006,False,8;160;189;198;210;232;235;251;308;321;323;350;355;378;381;388;401;402;403;431;432
T5_alone,2,cheaters_only,kmeans_k3,1,20,20,,,10.833499999999987,False,30;110;206;223;224;229;230;237;248;273;310;334;361;413;415;421;427;440;445;469
T5_alone,2,cheaters_only,kmeans_k3,2,18,18,,,11.849999999999994,False,103;112;158;234;256;259;284;309;329;348;357;362;373;380;411;416;442;471
T5_alone,5,cheaters_only,hdbscan,-1,59,59,,,12.844499999999996,False,8;30;103;110;112;158;160;189;198;206;210;223;224;229;230;232;234;235;237;248;251;256;259;273;284;308;309;310;321;323;329;334;348;350;355;357;361;362;373;378;380;381;388;401;402;403;411;413;415;416;421;427;431;432;440;442;445;469;471
T5_alone,5,cheaters_only,kmeans_k3,0,18,18,,,11.860499999999988,False,103;112;160;223;234;248;321;348;355;373;378;403;413;415;416;421;442;469
T5_alone,5,cheaters_only,kmeans_k3,1,22,22,,,14.783500000000004,False,30;110;189;198;206;224;229;232;237;273;308;309;334;350;357;361;362;381;402;427;431;445
T5_alone,5,cheaters_only,kmeans_k3,2,19,19,,,10.966499999999996,False,8;158;210;230;235;251;256;259;284;310;323;329;380;388;401;411;432;440;471
T5_alone,10,cheaters_only,hdbscan,-1,35,35,,,14.575000000000003,False,8;30;110;112;160;189;198;206;229;251;256;259;308;309;329;355;357;361;362;373;378;380;388;401;402;411;413;416;421;427;431;432;440;442;471
T5_alone,10,cheaters_only,hdbscan,0,5,5,,,20.5,False,234;235;248;321;334
T5_alone,10,cheaters_only,hdbscan,1,19,19,,,9.300000000000011,False,103;158;210;223;224;230;232;237;273;284;310;323;348;350;381;403;415;445;469
T5_alone,10,cheaters_only,kmeans_k2,0,25,25,,,14.950500000000005,False,8;30;103;110;112;160;189;224;230;256;259;284;308;309;310;355;357;361;380;381;402;413;421;432;445
T5_alone,10,cheaters_only,kmeans_k2,1,34,34,,,11.9525,False,158;198;206;210;223;229;232;234;235;237;248;251;273;321;323;329;334;348;350;362;373;378;388;401;403;411;415;416;427;431;440;442;469;471
T5_postcheating,2,cheaters_only,hdbscan,-1,40,40,,,13.442000000000007,False,8;103;112;160;198;206;210;224;229;230;232;234;235;248;256;259;273;284;310;329;334;348;350;357;361;362;378;388;401;403;411;415;416;421;427;431;440;445;469;471
T5_postcheating,2,cheaters_only,hdbscan,0,6,6,,,9.708499999999987,False,110;321;323;373;413;442
T5_postcheating,2,cheaters_only,hdbscan,1,11,11,,,11.067000000000007,False,30;158;223;237;251;308;309;355;381;402;432
T5_postcheating,2,cheaters_only,kmeans_k3,0,18,18,,,10.358499999999992,False,30;158;229;235;248;259;284;321;323;350;401;413;415;416;427;442;469;471
T5_postcheating,2,cheaters_only,kmeans_k3,1,23,23,,,13.650000000000006,False,8;112;160;210;223;232;234;237;251;256;273;308;309;329;348;355;362;381;402;403;421;432;445
T5_postcheating,2,cheaters_only,kmeans_k3,2,16,16,,,14.525000000000006,False,103;110;198;206;224;230;310;334;357;361;373;378;388;411;431;440
T5_postcheating,5,cheaters_only,hdbscan,-1,30,30,,,12.442000000000007,False,103;112;158;160;198;223;224;235;237;308;309;310;321;323;329;348;350;357;361;362;411;413;415;416;427;431;432;440;469;471
T5_postcheating,5,cheaters_only,hdbscan,0,19,19,,,13.650000000000006,False,8;110;229;232;248;251;256;259;273;284;334;355;373;388;401;402;403;421;445
T5_postcheating,5,cheaters_only,hdbscan,1,7,7,,,4.937999999999988,False,30;206;210;230;378;381;442
T5_postcheating,5,cheaters_only,kmeans_k2,0,28,28,,,13.983500000000006,False,8;112;198;224;229;232;235;248;251;256;259;273;284;329;348;355;361;362;373;388;402;403;415;416;421;445;469;471
T5_postcheating,5,cheaters_only,kmeans_k2,1,28,28,,,9.858499999999992,False,30;103;110;158;160;206;210;223;230;237;308;309;310;321;323;334;350;357;378;381;401;411;413;427;431;432;440;442
T5_postcheating,10,cheaters_only,hdbscan,-1,40,40,,,12.844499999999996,False,8;103;112;160;198;206;224;229;230;232;237;251;256;273;284;308;309;310;321;323;329;348;350;357;361;373;378;381;388;401;402;403;415;416;421;431;440;442;445;471
T5_postcheating,10,cheaters_only,hdbscan,0,5,5,,,10.865999999999984,False,30;259;362;413;432
T5_postcheating,10,cheaters_only,hdbscan,1,6,6,,,13.650000000000006,False,110;158;210;223;248;427
T5_postcheating,10,cheaters_only,kmeans_k4,0,11,11,,,11.550000000000011,False,230;256;259;329;361;362;413;416;421;431;432
T5_postcheating,10,cheaters_only,kmeans_k4,1,10,10,,,13.775000000000006,False,103;224;232;251;321;357;373;378;402;415
T5_postcheating,10,cheaters_only,kmeans_k4,2,14,14,,,9.858499999999992,False,8;112;160;198;229;237;273;284;308;348;381;401;442;445
T5_postcheating,10,cheaters_only,kmeans_k4,3,16,16,,,13.432999999999993,False,30;110;158;206;210;223;248;309;310;323;350;388;403;427;440;471
T5_precheating,2,cheaters_only,hdbscan,-1,25,25,,,13.334000000000003,False,8;30;103;110;112;160;198;206;223;235;237;251;256;259;284;308;323;357;373;388;402;421;427;432;469
T5_precheating,2,cheaters_only,hdbscan,0,7,7,,,10.36699999999999,False,230;234;334;348;350;361;413
T5_precheating,2,cheaters_only,hdbscan,1,26,26,,,12.35499999999999,False,158;189;210;224;229;232;248;273;309;310;321;329;355;362;378;380;381;401;403;411;415;431;440;442;445;471
T5_precheating,2,cheaters_only,kmeans_k4,0,11,11,,,9.36699999999999,False,103;160;189;198;357;388;401;415;431;432;442
T5_precheating,2,cheaters_only,kmeans_k4,1,13,13,,,13.550000000000011,False,8;206;229;235;251;284;329;378;381;411;427;440;471
T5_precheating,2,cheaters_only,kmeans_k4,2,18,18,,,13.900000000000006,False,158;210;223;224;232;248;273;309;310;321;323;355;362;380;402;403;445;469
T5_precheating,2,cheaters_only,kmeans_k4,3,16,16,,,13.841999999999999,False,30;110;112;230;234;237;256;259;308;334;348;350;361;373;413;421
T5_precheating,5,cheaters_only,hdbscan,-1,34,34,,,13.900000000000006,False,110;160;198;206;210;229;230;232;234;235;237;251;259;273;284;308;309;310;323;329;350;357;361;373;378;380;401;402;411;421;431;432;440;445
T5_precheating,5,cheaters_only,hdbscan,0,12,12,,,14.007999999999996,False,8;112;158;189;224;248;256;321;334;362;388;471
T5_precheating,5,cheaters_only,hdbscan,1,6,6,,,10.866499999999988,False,348;355;403;413;415;469
T5_precheating,5,cheaters_only,kmeans_k3,0,22,22,,,12.9525,False,8;112;158;160;189;210;224;234;235;248;259;321;323;334;361;362;378;388;401;411;432;471
T5_precheating,5,cheaters_only,kmeans_k3,1,14,14,,,13.334000000000003,False,198;230;232;251;256;273;284;308;309;310;329;350;380;431
T5_precheating,5,cheaters_only,kmeans_k3,2,16,16,,,15.667000000000002,False,110;206;229;237;348;355;357;373;402;403;413;415;421;440;445;469
T5_precheating,10,cheaters_only,hdbscan,-1,23,23,,,15.667000000000002,False,8;112;198;206;210;224;232;234;235;259;284;310;334;357;361;373;378;380;403;411;413;421;440
T5_precheating,10,cheaters_only,hdbscan,0,7,7,,,28.467000000000013,False,110;308;309;350;355;362;402
T5_precheating,10,cheaters_only,hdbscan,1,13,13,,,13.650000000000006,False,158;160;189;229;248;251;256;321;431;432;445;469;471
T5_precheating,10,cheaters_only,kmeans_k2,0,17,17,,,17.733000000000004,False,8;110;224;256;259;284;308;309;310;334;350;355;361;362;402;413;421
T5_precheating,10,cheaters_only,kmeans_k2,1,26,26,,,15.5,False,112;158;160;189;198;206;210;229;232;234;235;248;251;321;357;373;378;380;403;411;431;432;440;445;469;471
T1_post,2,noncheaters_only,hdbscan,-1,56,0,,,,False,6;39;40;61;69;73;76;90;91;93;96;150;165;166;176;183;190;212;214;215;221;227;240;241;250;253;265;275;278;286;288;307;313;320;322;325;328;340;343;354;370;371;375;377;384;391;393;396;398;405;408;463;464;468;14;86
T1_post,2,noncheaters_only,kmeans_k3,0,20,0,,,,False,91;93;96;150;190;214;221;227;240;250;320;325;328;340;370;375;377;398;405;464
T1_post,2,noncheaters_only,kmeans_k3,1,19,0,,,,False,6;39;40;61;69;73;76;90;183;215;241;253;278;288;354;371;384;14;86
T1_post,2,noncheaters_only,kmeans_k3,2,17,0,,,,False,165;166;176;212;265;275;286;307;313;322;343;391;393;396;408;463;468
T1_post,5,noncheaters_only,hdbscan,-1,29,0,,,,False,6;39;61;69;73;91;190;212;221;227;275;278;307;320;325;340;343;354;371;375;377;384;393;396;398;405;408;468;14
T1_post,5,noncheaters_only,hdbscan,0,15,0,,,,False,76;90;93;96;150;165;166;176;214;240;265;286;322;464;86
T1_post,5,noncheaters_only,hdbscan,1,5,0,,,,False,40;183;215;241;253
T1_post,5,noncheaters_only,kmeans_k2,0,23,0,,,,False,6;40;61;69;91;96;166;183;215;221;227;241;253;275;307;320;354;371;375;398;405;464;14
T1_post,5,noncheaters_only,kmeans_k2,1,26,0,,,,False,39;73;76;90;93;150;165;176;190;212;214;240;265;278;286;322;325;340;343;377;384;393;396;408;468;86
T1_post,10,noncheaters_only,hdbscan,-1,33,0,,,,False,39;40;61;69;76;150;165;166;176;183;190;212;214;215;221;253;265;275;286;307;325;340;343;354;371;377;384;396;405;408;444;464;86
T1_post,10,noncheaters_only,kmeans_k2,0,19,0,,,,False,39;61;76;150;166;176;190;214;221;275;307;325;340;354;384;396;405;464;86
T1_post,10,noncheaters_only,kmeans_k2,1,14,0,,,,False,40;69;165;183;212;215;253;265;286;343;371;377;408;444
T1_pre,2,noncheaters_only,hdbscan,-1,27,0,,,,False,6;39;40;61;96;150;190;214;215;240;250;253;265;275;286;288;313;320;322;328;343;354;408;463;464;468;14
T1_pre,2,noncheaters_only,hdbscan,0,9,0,,,,False,90;91;166;212;221;278;325;340;398
T1_pre,2,noncheaters_only,hdbscan,1,19,0,,,,False,4;69;73;76;165;176;183;227;307;370;371;375;377;384;391;393;396;405;86
T1_pre,2,noncheaters_only,kmeans_k3,0,21,0,,,,False,6;40;69;76;90;91;166;212;221;265;278;286;322;325;328;340;354;396;398;464;468
T1_pre,2,noncheaters_only,kmeans_k3,1,15,0,,,,False,61;150;165;176;227;250;275;288;313;320;370;371;377;384;463
T1_pre,2,noncheaters_only,kmeans_k3,2,19,0,,,,False,4;39;73;96;183;190;214;215;240;253;307;343;375;391;393;405;408;14;86
T1_pre,5,noncheaters_only,hdbscan,-1,33,0,,,,False,4;69;93;96;150;176;183;190;212;214;221;240;265;275;286;307;313;322;328;340;343;354;370;371;377;391;393;396;398;405;408;463;14
T1_pre,5,noncheaters_only,hdbscan,0,5,0,,,,False,39;61;76;166;468
T1_pre,5,noncheaters_only,hdbscan,1,18,0,,,,False,6;40;73;90;91;165;215;227;250;253;278;288;320;325;375;384;464;86
T1_pre,5,noncheaters_only,kmeans_k3,0,18,0,,,,False,39;61;76;150;166;176;183;221;240;286;307;320;322;391;393;398;408;464
T1_pre,5,noncheaters_only,kmeans_k3,1,19,0,,,,False,6;73;91;93;165;212;215;227;250;253;275;313;325;340;343;371;375;405;86
T1_pre,5,noncheaters_only,kmeans_k3,2,19,0,,,,False,4;40;69;90;96;190;214;265;278;288;328;354;370;377;384;396;463;468;14
T1_pre,10,noncheaters_only,hdbscan,-1,43,0,,,,False,39;40;61;69;73;76;90;93;166;176;190;212;214;221;227;240;250;253;265;275;278;286;288;307;313;320;322;325;328;340;343;354;370;375;384;391;393;408;463;464;468;14;86
T1_pre,10,noncheaters_only,kmeans_k2,0,22,0,,,,False,40;73;76;90;166;176;212;214;250;253;275;278;313;322;325;340;343;354;370;393;463;468
T1_pre,10,noncheaters_only,kmeans_k2,1,21,0,,,,False,39;61;69;93;190;221;227;240;265;286;288;307;320;328;375;384;391;408;464;14;86
T2_post,2,noncheaters_only,hdbscan,-1,13,0,,,,False,40;90;227;265;307;320;322;375;405;444;463;14;86
T2_post,2,noncheaters_only,hdbscan,0,28,0,,,,False,6;39;69;76;91;93;96;165;176;183;190;212;221;241;253;275;278;313;325;340;343;354;371;377;396;398;464;468
T2_post,2,noncheaters_only,hdbscan,1,11,0,,,,False,4;61;73;150;166;286;328;370;384;393;408
T2_post,2,noncheaters_only,kmeans_k3,0,18,0,,,,False,4;40;61;73;90;150;166;265;286;307;322;328;340;370;384;393;408;14
T2_post,2,noncheaters_only,kmeans_k3,1,17,0,,,,False,6;69;165;176;183;212;241;275;278;313;320;343;375;377;405;444;468
T2_post,2,noncheaters_only,kmeans_k3,2,17,0,,,,False,39;76;91;93;96;190;221;227;253;325;354;371;396;398;463;464;86
T2_post,5,noncheaters_only,hdbscan,-1,40,0,,,,False,4;39;40;61;69;73;76;91;93;96;150;166;183;190;212;221;253;265;275;278;286;307;320;322;325;340;343;354;375;377;384;396;398;405;408;444;463;464;468;86
T2_post,5,noncheaters_only,kmeans_k2,0,18,0,,,,False,40;76;91;93;96;183;253;286;307;320;322;340;354;375;377;444;468;86
T2_post,5,noncheaters_only,kmeans_k2,1,22,0,,,,False,4;39;61;69;73;150;166;190;212;221;265;275;278;325;343;384;396;398;405;408;463;464
T2_pre,2,noncheaters_only,hdbscan,-1,58,0,,,,False,4;6;39;40;61;69;73;76;90;91;93;96;150;165;166;176;183;190;212;214;215;221;227;240;241;250;253;265;275;278;286;288;307;313;320;322;325;328;340;343;354;370;371;375;377;384;391;393;396;398;405;408;444;463;464;468;14;86
T2_pre,2,noncheaters_only,kmeans_k3,0,18,0,,,,False,6;40;69;76;90;93;150;215;227;241;275;278;328;370;371;384;393;396
T2_pre,2,noncheaters_only,kmeans_k3,1,23,0,,,,False,4;39;61;73;165;166;183;212;240;313;322;340;343;354;375;377;391;398;405;408;463;464;86
T2_pre,2,noncheaters_only,kmeans_k3,2,17,0,,,,False,91;96;176;190;214;221;250;253;265;286;288;307;320;325;444;468;14
T2_pre,5,noncheaters_only,hdbscan,-1,28,0,,,,False,4;69;73;90;165;166;176;183;214;221;240;250;253;278;288;313;328;340;377;384;393;398;405;408;444;464;468;86
T2_pre,5,noncheaters_only,hdbscan,0,18,0,,,,False,6;39;40;61;76;91;150;190;212;265;275;307;320;343;354;375;463;14
T2_pre,5,noncheaters_only,hdbscan,1,10,0,,,,False,93;96;215;227;286;322;325;370;391;396
T2_pre,5,noncheaters_only,kmeans_k2,0,22,0,,,,False,73;93;96;165;183;215;227;240;250;275;286;322;325;328;370;384;391;393;396;408;444;86
T2_pre,5,noncheaters_only,kmeans_k2,1,34,0,,,,False,4;6;39;40;61;69;76;90;91;150;166;176;190;212;214;221;253;265;278;288;307;313;320;340;343;354;375;377;398;405;463;464;468;14
T2_pre,10,noncheaters_only,hdbscan,-1,17,0,,,,False,69;76;90;150;212;215;240;307;313;320;322;328;370;375;384;408;86
T2_pre,10,noncheaters_only,hdbscan,0,5,0,,,,False,39;165;288;377;396
T2_pre,10,noncheaters_only,hdbscan,1,13,0,,,,False,61;73;214;221;250;275;278;286;393;444;463;464;468
T2_pre,10,noncheaters_only,kmeans_k2,0,15,0,,,,False,39;69;90;150;165;215;240;278;288;307;320;375;377;384;396
T2_pre,10,noncheaters_only,kmeans_k2,1,20,0,,,,False,61;73;76;212;214;221;250;275;286;313;322;328;370;393;408;444;463;464;468;86
T3_post,2,noncheaters_only,hdbscan,-1,24,0,,,,False,40;69;73;91;93;176;183;190;221;227;241;286;288;325;340;370;375;384;391;393;405;408;463;86
T3_post,2,noncheaters_only,hdbscan,0,6,0,,,,False,6;212;253;307;343;468
T3_post,2,noncheaters_only,hdbscan,1,24,0,,,,False,4;39;61;76;90;96;150;165;166;214;215;250;265;275;313;320;322;328;354;377;396;398;464;14
T3_post,2,noncheaters_only,kmeans_k2,0,28,0,,,,False,4;6;39;69;73;90;91;165;176;190;212;214;227;250;253;286;307;320;322;340;343;354;370;375;391;393;463;468
T3_post,2,noncheaters_only,kmeans_k2,1,26,0,,,,False,40;61;76;93;96;150;166;183;215;221;241;265;275;288;313;325;328;377;384;396;398;405;408;464;14;86
T3_post,5,noncheaters_only,hdbscan,-1,43,0,,,,False,6;39;40;61;69;76;90;93;96;150;166;183;190;212;221;227;241;250;253;265;275;286;288;307;313;320;322;325;328;340;343;354;377;384;393;396;398;405;408;463;464;468;86
T3_post,5,noncheaters_only,kmeans_k4,0,11,0,,,,False,61;96;183;190;221;241;250;288;307;377;393
T3_post,5,noncheaters_only,kmeans_k4,1,11,0,,,,False,6;69;93;212;265;286;328;343;384;405;468
T3_post,5,noncheaters_only,kmeans_k4,2,11,0,,,,False,40;76;150;166;227;275;313;322;325;354;408
T3_post,5,noncheaters_only,kmeans_k4,3,10,0,,,,False,39;90;253;320;340;396;398;463;464;86
T3_pre,2,noncheaters_only,hdbscan,-1,57,0,,,,False,4;6;39;40;61;69;73;76;90;91;93;96;150;165;166;176;183;190;212;214;215;221;227;240;241;250;253;265;275;278;286;288;307;313;320;322;325;328;340;343;354;370;375;377;384;391;393;396;398;405;408;444;463;464;468;14;86
T3_pre,2,noncheaters_only,kmeans_k3,0,19,0,,,,False,4;39;73;76;91;96;165;212;215;253;278;313;328;375;396;444;463;464;14
T3_pre,2,noncheaters_only,kmeans_k3,1,20,0,,,,False,90;150;183;221;240;241;250;286;307;320;322;325;340;354;377;384;391;393;468;86
T3_pre,2,noncheaters_only,kmeans_k3,2,18,0,,,,False,6;40;61;69;93;166;176;190;214;227;265;275;288;343;370;398;405;408
T3_pre,5,noncheaters_only,hdbscan,-1,21,0,,,,False,61;73;90;190;214;221;240;250;253;275;307;325;343;354;384;396;398;408;468;14;86
T3_pre,5,noncheaters_only,hdbscan,0,30,0,,,,False,4;6;39;69;76;91;93;150;165;176;183;212;215;227;241;265;278;286;288;313;320;322;328;340;370;393;405;444;463;464
T3_pre,5,noncheaters_only,hdbscan,1,5,0,,,,False,40;96;166;375;377
T3_pre,5,noncheaters_only,kmeans_k3,0,20,0,,,,False,6;39;61;69;76;93;165;176;214;240;275;288;320;328;343;354;370;444;463;14
T3_pre,5,noncheaters_only,kmeans_k3,1,18,0,,,,False,90;91;150;183;190;215;221;227;241;286;307;313;322;325;384;393;396;408
T3_pre,5,noncheaters_only,kmeans_k3,2,18,0,,,,False,4;40;73;96;166;212;250;253;265;278;340;375;377;398;405;464;468;86
T3_pre,10,noncheaters_only,hdbscan,-1,37,0,,,,False,4;6;39;61;90;165;183;212;214;215;221;227;240;241;250;275;278;286;288;307;313;320;322;328;340;343;354;370;375;384;393;405;408;444;463;464;468
T3_pre,10,noncheaters_only,kmeans_k4,0,11,0,,,,False,165;183;221;240;275;288;322;354;393;444;464
T3_pre,10,noncheaters_only,kmeans_k4,1,11,0,,,,False,6;61;214;215;227;241;250;320;328;370;463
T3_pre,10,noncheaters_only,kmeans_k4,2,7,0,,,,False,212;307;340;343;375;384;405
T3_pre,10,noncheaters_only,kmeans_k4,3,8,0,,,,False,4;39;90;278;286;313;408;468
T4_post,2,noncheaters_only,hdbscan,-1,36,0,,,,False,4;6;40;61;69;76;90;91;176;183;190;212;215;221;227;240;241;253;265;275;286;288;307;313;320;322;328;340;343;377;396;398;405;408;444;14
T4_post,2,noncheaters_only,hdbscan,0,15,0,,,,False,73;93;96;150;165;166;214;250;325;354;370;375;391;393;463
T4_post,2,noncheaters_only,hdbscan,1,6,0,,,,False,39;278;384;464;468;86
T4_post,2,noncheaters_only,kmeans_k3,0,22,0,,,,False,6;40;69;76;93;96;166;176;183;212;221;250;265;275;288;307;325;375;377;398;444;463
T4_post,2,noncheaters_only,kmeans_k3,1,18,0,,,,False,61;73;90;150;165;214;227;253;322;328;343;354;370;391;393;408;14;86
T4_post,2,noncheaters_only,kmeans_k3,2,17,0,,,,False,4;39;91;190;215;240;241;278;286;313;320;340;384;396;405;464;468
T4_post,5,noncheaters_only,hdbscan,-1,24,0,,,,False,4;6;39;40;61;93;190;221;227;240;241;253;265;278;286;288;322;343;354;375;377;396;464;468
T4_post,5,noncheaters_only,hdbscan,0,10,0,,,,False,69;76;96;165;183;325;391;393;444;463
T4_post,5,noncheaters_only,hdbscan,1,23,0,,,,False,73;90;91;150;166;176;212;214;215;250;275;307;313;320;328;340;370;384;398;405;408;14;86
T4_post,5,noncheaters_only,kmeans_k3,0,18,0,,,,False,61;69;73;76;96;165;183;190;241;325;343;354;391;393;405;444;463;464
T4_post,5,noncheaters_only,kmeans_k3,1,19,0,,,,False,4;6;39;40;91;150;214;215;227;265;288;307;320;322;340;375;377;468;86
T4_post,5,noncheaters_only,kmeans_k3,2,20,0,,,,False,90;93;166;176;212;221;240;250;253;275;278;286;313;328;370;384;396;398;408;14
T4_post,10,noncheaters_only,hdbscan,-1,26,0,,,,False,6;39;69;76;93;212;215;227;240;241;250;278;286;288;320;322;325;328;354;375;384;393;398;408;444;468
T4_post,10,noncheaters_only,hdbscan,0,6,0,,,,False,40;183;221;265;307;377
T4_post,10,noncheaters_only,hdbscan,1,25,0,,,,False,4;61;73;90;91;96;150;165;166;176;190;214;253;275;313;340;343;370;391;396;405;463;464;14;86
T4_post,10,noncheaters_only,kmeans_k2,0,25,0,,,,False,6;40;69;73;91;165;183;214;221;227;241;265;307;322;325;328;343;375;377;384;393;405;408;464;468
T4_post,10,noncheaters_only,kmeans_k2,1,32,0,,,,False,4;39;61;76;90;93;96;150;166;176;190;212;215;240;250;253;275;278;286;288;313;320;340;354;370;391;396;398;444;463;14;86
T4_pre,2,noncheaters_only,hdbscan,-1,56,0,,,,False,4;6;39;40;61;69;73;76;90;91;93;96;150;165;166;176;183;190;212;215;221;227;240;241;250;253;265;275;278;286;288;307;313;320;322;325;328;340;343;354;370;375;377;384;391;393;396;398;405;408;444;463;464;468;14;86
T4_pre,2,noncheaters_only,kmeans_k3,0,18,0,,,,False,4;6;39;96;166;176;212;215;221;240;253;320;343;354;384;464;468;14
T4_pre,2,noncheaters_only,kmeans_k3,1,20,0,,,,False,73;90;91;150;183;190;250;275;286;313;322;325;328;370;377;391;396;408;444;463
T4_pre,2,noncheaters_only,kmeans_k3,2,18,0,,,,False,40;61;69;76;93;165;227;241;265;278;288;307;340;375;393;398;405;86
T4_pre,5,noncheaters_only,hdbscan,-1,23,0,,,,False,69;93;96;165;183;212;214;215;240;253;275;286;307;322;325;340;384;393;396;408;463;468;86
T4_pre,5,noncheaters_only,hdbscan,0,5,0,,,,False,6;221;328;375;391
T4_pre,5,noncheaters_only,hdbscan,1,29,0,,,,False,4;39;40;61;73;76;90;91;150;166;176;190;227;241;250;265;278;288;313;320;343;354;370;377;398;405;444;464;14
T4_pre,5,noncheaters_only,kmeans_k2,0,31,0,,,,False,40;61;69;73;90;91;150;166;176;190;214;215;227;241;286;288;313;320;340;343;370;377;384;396;398;405;408;444;463;464;86
T4_pre,5,noncheaters_only,kmeans_k2,1,26,0,,,,False,4;6;39;76;93;96;165;183;212;221;240;250;253;265;275;278;307;322;325;328;354;375;391;393;468;14
T4_pre,10,noncheaters_only,hdbscan,-1,27,0,,,,False,6;61;176;214;215;221;240;253;286;313;320;322;328;354;370;375;377;384;391;393;405;408;444;463;464;468;86
T4_pre,10,noncheaters_only,hdbscan,0,8,0,,,,False,73;183;212;288;307;340;343;14
T4_pre,10,noncheaters_only,hdbscan,1,13,0,,,,False,4;40;69;76;90;91;96;165;250;265;275;278;325
T4_pre,10,noncheaters_only,kmeans_k2,0,27,0,,,,False,6;40;69;76;90;91;96;165;214;215;221;240;250;253;265;275;278;286;322;325;328;354;375;377;391;444;468
T4_pre,10,noncheaters_only,kmeans_k2,1,21,0,,,,False,4;61;73;176;183;212;288;307;313;320;340;343;370;384;393;405;408;463;464;14;86
T5_Epost,2,noncheaters_only,hdbscan,-1,57,0,,,,False,4;6;39;40;61;69;73;76;90;91;93;96;150;165;166;176;183;190;212;214;215;221;227;240;241;250;253;265;275;278;286;288;307;313;320;322;325;328;340;343;354;370;371;375;377;384;391;393;396;398;405;408;444;464;468;14;86
T5_Epost,2,noncheaters_only,kmeans_k2,0,27,0,,,,False,40;61;73;90;96;150;212;221;240;241;253;278;288;328;370;371;375;377;384;391;393;396;408;464;468;14;86
T5_Epost,2,noncheaters_only,kmeans_k2,1,30,0,,,,False,4;6;39;69;76;91;93;165;166;176;183;190;214;215;227;250;265;275;286;307;313;320;322;325;340;343;354;398;405;444
T5_Epost,5,noncheaters_only,hdbscan,-1,32,0,,,,False,4;73;90;96;150;183;190;212;221;241;250;253;265;278;286;288;307;320;322;343;354;370;371;384;393;396;398;408;444;464;468;14
T5_Epost,5,noncheaters_only,hdbscan,0,16,0,,,,False,39;40;61;76;93;165;215;227;240;275;313;325;328;340;377;405
T5_Epost,5,noncheaters_only,hdbscan,1,5,0,,,,False,69;166;176;375;86
T5_Epost,5,noncheaters_only,kmeans_k2,0,27,0,,,,False,39;40;61;76;165;183;190;212;215;221;227;240;241;250;253;275;278;286;307;320;325;340;343;354;371;396;14
T5_Epost,5,noncheaters_only,kmeans_k2,1,26,0,,,,False,4;69;73;90;93;96;150;166;176;265;288;313;322;328;370;375;377;384;393;398;405;408;444;464;468;86
T5_Epost,10,noncheaters_only,hdbscan,-1,39,0,,,,False,39;40;61;69;73;76;90;150;166;176;183;190;221;227;240;241;250;253;265;275;286;288;307;313;320;322;325;328;340;343;354;370;371;375;377;384;393;14;86
T5_Epost,10,noncheaters_only,kmeans_k4,0,12,0,,,,False,39;227;240;241;250;288;313;320;328;370;375;384
T5_Epost,10,noncheaters_only,kmeans_k4,1,11,0,,,,False,40;73;76;90;183;190;221;325;340;371;393
T5_Epost,10,noncheaters_only,kmeans_k4,2,7,0,,,,False,150;166;176;265;275;343;86
T5_Epost,10,noncheaters_only,kmeans_k4,3,9,0,,,,False,61;69;253;286;307;322;354;377;14
T5_Epre,2,noncheaters_only,hdbscan,-1,58,0,,,,False,4;6;39;40;61;69;73;76;90;91;93;96;150;165;166;176;183;190;212;214;215;221;227;240;241;250;253;265;275;278;286;288;307;313;320;322;325;328;340;343;354;370;371;375;377;384;391;393;396;398;405;408;444;463;464;468;14;86
T5_Epre,2,noncheaters_only,kmeans_k3,0,11,0,,,,False,6;166;253;265;288;307;320;322;343;377;14
T5_Epre,2,noncheaters_only,kmeans_k3,1,21,0,,,,False,4;40;69;73;91;96;212;214;215;250;278;340;354;371;375;384;391;396;398;444;86
T5_Epre,2,noncheaters_only,kmeans_k3,2,26,0,,,,False,39;61;76;90;93;150;165;176;183;190;221;227;240;241;275;286;313;325;328;370;393;405;408;463;464;468
T5_Epre,5,noncheaters_only,hdbscan,-1,58,0,,,,False,4;6;39;40;61;69;73;76;90;91;93;96;150;165;166;176;183;190;212;214;215;221;227;240;241;250;253;265;275;278;286;288;307;313;320;322;325;328;340;343;354;370;371;375;377;384;391;393;396;398;405;408;444;463;464;468;14;86
T5_Epre,5,noncheaters_only,kmeans_k4,0,13,0,,,,False,6;39;96;166;183;265;286;288;313;325;343;377;468
T5_Epre,5,noncheaters_only,kmeans_k4,1,15,0,,,,False,4;69;90;150;165;176;214;221;250;328;391;396;398;463;464
T5_Epre,5,noncheaters_only,kmeans_k4,2,15,0,,,,False,76;190;215;227;253;278;322;354;371;384;405;408;444;14;86
T5_Epre,5,noncheaters_only,kmeans_k4,3,15,0,,,,False,40;61;73;91;93;212;240;241;275;307;320;340;370;375;393
T5_Epre,10,noncheaters_only,hdbscan,-1,19,0,,,,False,39;69;73;96;166;212;227;241;275;288;313;320;328;340;343;375;377;408;464
T5_Epre,10,noncheaters_only,hdbscan,0,11,0,,,,False,4;6;61;91;183;190;265;325;370;393;463
T5_Epre,10,noncheaters_only,hdbscan,1,19,0,,,,False,40;76;90;150;165;214;215;221;240;250;278;286;307;322;354;384;444;468;86
T5_Epre,10,noncheaters_only,kmeans_k2,0,26,0,,,,False,40;73;76;90;150;165;214;215;221;227;240;241;250;278;286;307;313;322;340;354;384;408;444;464;468;86
T5_Epre,10,noncheaters_only,kmeans_k2,1,23,0,,,,False,4;6;39;61;69;91;96;166;183;190;212;265;275;288;320;325;328;343;370;375;377;393;463
T5_alone,2,noncheaters_only,hdbscan,-1,47,0,,,,False,4;6;39;40;61;69;76;90;91;96;150;165;166;176;183;190;214;215;221;227;240;241;250;253;265;286;288;307;320;322;340;343;354;370;377;384;393;396;398;405;408;444;463;464;468;14;86
T5_alone,2,noncheaters_only,hdbscan,0,5,0,,,,False,73;93;275;328;375
T5_alone,2,noncheaters_only,hdbscan,1,5,0,,,,False,212;278;313;325;391
T5_alone,2,noncheaters_only,kmeans_k3,0,18,0,,,,False,39;40;61;165;215;221;250;286;288;307;322;340;354;384;396;405;444;468
T5_alone,2,noncheaters_only,kmeans_k3,1,17,0,,,,False,6;93;96;150;183;214;240;265;275;328;343;370;393;398;408;14;86
T5_alone,2,noncheaters_only,kmeans_k3,2,22,0,,,,False,4;69;73;76;90;91;166;176;190;212;227;241;253;278;313;320;325;375;377;391;463;464
T5_alone,5,noncheaters_only,hdbscan,-1,29,0,,,,False,61;73;76;93;150;176;183;190;214;215;227;241;253;265;278;307;320;325;340;343;354;370;377;391;393;398;444;468;86
T5_alone,5,noncheaters_only,hdbscan,0,7,0,,,,False,6;91;96;275;375;396;405
T5_alone,5,noncheaters_only,hdbscan,1,21,0,,,,False,4;39;40;69;90;165;166;212;221;240;250;286;288;313;322;328;384;408;463;464;14
T5_alone,5,noncheaters_only,kmeans_k3,0,25,0,,,,False,39;40;69;73;90;165;166;183;190;212;215;221;240;241;250;278;286;288;307;322;408;444;464;468;14
T5_alone,5,noncheaters_only,kmeans_k3,1,16,0,,,,False,4;61;76;93;253;313;328;354;370;375;377;384;393;396;398;463
T5_alone,5,noncheaters_only,kmeans_k3,2,16,0,,,,False,6;91;96;150;176;214;227;265;275;320;325;340;343;391;405;86
T5_alone,10,noncheaters_only,hdbscan,-1,34,0,,,,False,6;40;73;96;150;165;166;176;183;190;214;215;221;241;250;253;265;278;286;288;307;313;328;343;375;384;391;393;405;408;463;464;468;86
T5_alone,10,noncheaters_only,hdbscan,0,14,0,,,,False,39;61;69;76;90;93;212;240;322;325;340;354;370;14
T5_alone,10,noncheaters_only,hdbscan,1,9,0,,,,False,4;91;227;275;320;377;396;398;444
T5_alone,10,noncheaters_only,kmeans_k2,0,27,0,,,,False,4;6;39;40;91;150;166;183;214;215;227;265;275;286;288;313;320;375;377;384;391;393;396;398;405;444;463
T5_alone,10,noncheaters_only,kmeans_k2,1,30,0,,,,False,61;69;73;76;90;93;96;165;176;190;212;221;240;241;250;253;278;307;322;325;328;340;343;354;370;408;464;468;14;86
